ngram,count,type
रोजी मूळ,93,bigram
मूळ पान,79,bigram
रोजी मूळ पान,79,trigram
पासून संग्रहित,79,bigram
पान पासून संग्रहित,77,trigram
पान पासून,77,bigram
मूळ पान पासून,77,trigram
आहे आणि,50,bigram
संदर्भ हवा,46,bigram
आहे की,46,bigram
असेल तर,43,bigram
केली होती,42,bigram
केला जातो,42,bigram
बाबासाहेब आंबेडकर,41,bigram
करण्यात आली,40,bigram
या काळात,40,bigram
करण्यात आला,39,bigram
केला होता,37,bigram
करण्यात आले,36,bigram
छत्रपती शिवाजी,36,bigram
नाही तर,34,bigram
प्रसिद्ध आहे,34,bigram
संत तुकाराम,33,bigram
केली जाते,33,bigram
शकत नाही,32,bigram
होते आणि,32,bigram
केले आहे,31,bigram
मोठ्या प्रमाणात,31,bigram
मानले जाते,31,bigram
असे म्हणतात,30,bigram
झाला होता,29,bigram
आहे असे,29,bigram
झाले होते,29,bigram
शिवाजी महाराज,29,bigram
प्रयत्न केला,28,bigram
सुरुवात केली,28,bigram
आहे का,27,bigram
या दिवशी,27,bigram
केली आहे,27,bigram
आणि त्यांच्या,26,bigram
महाराष्ट्र राज्य,24,bigram
ओळखले जाते,24,bigram
सुरू केले,24,bigram
केला व,23,bigram
म्हणून ओळखले,23,bigram
आवश्यक आहे,23,bigram
रोजी पाहिले,23,bigram
केले होते,23,bigram
हा शब्द,23,bigram
छत्रपती संभाजी,22,bigram
हे एक,22,bigram
साजरा केला,22,bigram
स्थापना केली,22,bigram
झाली होती,21,bigram
छत्रपती संभाजीनगर,21,bigram
झाला आहे,21,bigram
असे नाव,20,bigram
संत ज्ञानेश्वर,20,bigram
शिवाजी महाराजांनी,20,bigram
निर्णय घेतला,20,bigram
ही एक,20,bigram
आणि ते,20,bigram
सुरू झाली,20,bigram
नोव्हेंबर 2025,19,bigram
शहर आहे,19,bigram
सांगतात की,19,bigram
व इतर,19,bigram
केला आहे,19,bigram
आणि इतर,19,bigram
झाले आहेत,19,bigram
मानला जातो,18,bigram
होऊ शकतो,18,bigram
काही ठिकाणी,18,bigram
मराठी भाषा,18,bigram
आहे हे,18,bigram
आली होती,18,bigram
आला आहे,18,bigram
आले होते,18,bigram
व्या शतकात,18,bigram
ऑफ इंडिया,18,bigram
म्हणले जाते,18,bigram
होत आहे,18,bigram
आली आहे,17,bigram
हा एक,17,bigram
साजरा केला जातो,17,trigram
लता मंगेशकर,17,bigram
हा खेळ,17,bigram
आले आहे,17,bigram
ते म्हणतात,17,bigram
खेळला जातो,17,bigram
म्हणतात की,17,bigram
प्रसिद्ध आहेत,17,bigram
झाली आहे,17,bigram
वापर करून,17,bigram
इंग्रजी भाषेत,17,bigram
आणि नंतर,17,bigram
केली आणि,17,bigram
केले गेले,17,bigram
हे नाव,17,bigram
१९४७ रोजी,17,bigram
संभाजी महाराज,17,bigram
होत नाही,16,bigram
आहे तर,16,bigram
निधन झाले,16,bigram
या नावाने,16,bigram
छत्रपती शिवाजी महाराज,16,trigram
झाले आणि,16,bigram
होता आणि,16,bigram
काम केले,16,bigram
उद्धव ठाकरे,16,bigram
राज ठाकरे,16,bigram
समावेश आहे,16,bigram
अजित पवार,16,bigram
समावेश होतो,16,bigram
केले जाते,16,bigram
अशा अनेक,16,bigram
हा दिवस,16,bigram
आणि त्यांची,16,bigram
ऑक्टोबर 2025,16,bigram
करण्याचा प्रयत्न,15,bigram
आहे व,15,bigram
झाला आणि,15,bigram
या शहराला,15,bigram
असे मानले,15,bigram
हे शहर,15,bigram
महात्मा गांधी,15,bigram
नाही पण,15,bigram
केलं होतं,15,bigram
केला गेला,15,bigram
एक आहे,15,bigram
जाऊ शकतो,15,bigram
नकार दिला,15,bigram
तरण तलाव,15,bigram
येत नाही,15,bigram
मराठी चित्रपट,15,bigram
नव्हे तर,15,bigram
पुढे वाचा,15,bigram
जवाहरलाल नेहरू,15,bigram
यांनी या,14,bigram
इंदिरा गांधी,14,bigram
इंग्रजी आवृत्ती,14,bigram
दिसून येते,14,bigram
असे म्हणले,14,bigram
संत नामदेव,14,bigram
रोजी मूळ पानापासून,14,trigram
सुरू आहे,14,bigram
साखर कारखाना,14,bigram
शिवाजी महाराजांच्या,14,bigram
मूळ पानापासून,14,bigram
दुसऱ्या दिवशी,14,bigram
नाही आणि,14,bigram
तुकाराम महाराज,14,bigram
आला होता,14,bigram
मोठ्या प्रमाणावर,14,bigram
आणखी एक,14,bigram
सुरू केली,14,bigram
विरोध केला,13,bigram
याच काळात,13,bigram
जात असे,13,bigram
आले आणि,13,bigram
आणि ती,13,bigram
जाऊ शकते,13,bigram
तर ते,13,bigram
नाही हे,13,bigram
दिला जातो,13,bigram
भारतीय संस्कृती,13,bigram
आंबेडकर यांनी,13,bigram
दिले होते,13,bigram
जात नाही,13,bigram
करत आहेत,13,bigram
राजेंद्र कदम,13,bigram
खेळ आहे,13,bigram
च्या दशकात,13,bigram
यांचा समावेश,13,bigram
सुरुवात झाली,13,bigram
काय आहे,13,bigram
केले जातात,13,bigram
असे मानले जाते,13,trigram
पुरस्कार मिळाला,13,bigram
करू शकतो,12,bigram
संशोधन संस्था,12,bigram
मृत्यू झाला,12,bigram
फलंदाज बाद,12,bigram
हा सण,12,bigram
दिली होती,12,bigram
हा चित्रपट,12,bigram
उपलब्ध आहेत,12,bigram
झाले आहे,12,bigram
पण या,12,bigram
या सर्व,12,bigram
म्हणले आहे,12,bigram
बौद्ध धर्म,12,bigram
हिंदू कोड,12,bigram
चित्रपट आहे,12,bigram
गेले होते,12,bigram
बौद्ध धर्माचा,12,bigram
ते म्हणाले,12,bigram
छत्रपती शाहू,12,bigram
१९२७ रोजी,12,bigram
जाणून घ्या,12,bigram
अनेक ठिकाणी,12,bigram
वापर केला,12,bigram
असे होते,11,bigram
अखिल भारतीय,11,bigram
न करता,11,bigram
पुढे ते,11,bigram
की ते,11,bigram
डॉ आ ह,11,trigram
गेला होता,11,bigram
डॉ आ,11,bigram
म्हणून ओळखले जाते,11,trigram
आ ह,11,bigram
ह साळुंखे,11,bigram
म्हटलं होतं,11,bigram
सहकारी साखर कारखाना,11,trigram
करणे हे,11,bigram
आ ह साळुंखे,11,trigram
पं नेहरू,11,bigram
होते की,11,bigram
असले तरी,11,bigram
आले आहेत,11,bigram
नेहरू हे,11,bigram
येथे आहे,11,bigram
असे अनेक,11,bigram
इन्स्टिट्यूट ऑफ,11,bigram
a b,11,bigram
करण्याचा निर्णय,11,bigram
सहकारी साखर,11,bigram
पेक्षा जास्त,11,bigram
ऑगस्ट १९४७,11,bigram
नितीश कुमार,11,bigram
दिली आणि,11,bigram
छत्रपती राजाराम,11,bigram
आहे या,11,bigram
२०१७ रोजी,11,bigram
आहे ज्यात,11,bigram
सांगितलं की,11,bigram
गेले आहे,11,bigram
संबोधले जाते,11,bigram
राजकीय हक्क,10,bigram
होती आणि,10,bigram
हे पुस्तक,10,bigram
असू शकतात,10,bigram
ठाकरे आणि,10,bigram
जसे की,10,bigram
महाविद्यालय लातूर,10,bigram
हे भारताच्या,10,bigram
आणि एक,10,bigram
सर्वात जास्त,10,bigram
आहेत आणि,10,bigram
मूळ इंग्रजी,10,bigram
केला आणि,10,bigram
मधू लिमये,10,bigram
ब्रिटिश सरकारने,10,bigram
अभ्यास केला,10,bigram
आंबेडकर हे,10,bigram
आहे त्यामुळे,10,bigram
मराठी साहित्य,10,bigram
होते पण,10,bigram
इसवी सन,10,bigram
Bihar Election,10,bigram
मराठी भाषेत,10,bigram
ते सांगतात,10,bigram
हा सन,10,bigram
म्हणणं आहे,10,bigram
भारतीय राष्ट्रीय,10,bigram
असते आणि,10,bigram
सुरू झाले,10,bigram
सहभागी झाले,10,bigram
गेला आहे,10,bigram
सदस्य म्हणून,10,bigram
जाते आणि,10,bigram
करू शकत,10,bigram
अहिल्याबाई होळकर,10,bigram
मागणी केली,10,bigram
आणि त्या,10,bigram
केंद्र आहे,10,bigram
हे सर्व,10,bigram
जात होते,10,bigram
या पुस्तकात,10,bigram
आहे तसेच,10,bigram
१ २,10,bigram
आहे असं,10,bigram
होती पण,10,bigram
उदाहरण आहे,9,bigram
ओळखला जातो,9,bigram
नाव पडले,9,bigram
या दोन्ही,9,bigram
शाहू महाराजांनी,9,bigram
मूळ पानापासून संग्रहित,9,trigram
शिवाजी महाराजांचे,9,bigram
२०१७ रोजी पाहिले,9,trigram
हल्ला केला,9,bigram
छत्रपती संभाजी महाराज,9,trigram
पूजा करतात,9,bigram
या दोन,9,bigram
संभाजी महाराजांना,9,bigram
दिले जाते,9,bigram
दक्षिण भारतात,9,bigram
असला तरी,9,bigram
कॉलेज ऑफ,9,bigram
पुणे हे,9,bigram
म्हणून काम,9,bigram
आणि त्यामुळे,9,bigram
देण्यात आली,9,bigram
तर तो,9,bigram
कादंबरी लेखक,9,bigram
अहिल्यादेवी होळकर,9,bigram
केले व,9,bigram
राज्य केले,9,bigram
गरज आहे,9,bigram
श्री संत,9,bigram
ऑगस्ट १९४७ रोजी,9,trigram
देत नाही,9,bigram
करण्याचा निर्णय घेतला,9,trigram
जातो आणि,9,bigram
आणि मराठी,9,bigram
पाण्यानं अंघोळ,9,bigram
रोजी आंबेडकरांनी,9,bigram
आहे ते,9,bigram
मोठ्या संख्येने,9,bigram
संभाजी महाराजांच्या,9,bigram
समावेश होता,9,bigram
असली तरी,9,bigram
दिलेल्या माहितीनुसार,9,bigram
नसेल तर,9,bigram
या ठिकाणी,9,bigram
आला आणि,9,bigram
आणि तो,9,bigram
१९३० रोजी,9,bigram
शहर हे,9,bigram
प्रयत्न केले,9,bigram
आणि उद्धव,9,bigram
म्हणाले की,9,bigram
आणि त्यांचा,9,bigram
नाव दिले,9,bigram
स्मिता पाटील,9,bigram
महाराष्ट्र राज्याची,9,bigram
या शब्दाचा,9,bigram
व या,9,bigram
हे या,9,bigram
करता येईल,9,bigram
असे दिसते,9,bigram
शिवाजी महाराजांचा,9,bigram
जाऊ लागले,9,bigram
उपलब्ध आहे,9,bigram
आधुनिक भारताचे,9,bigram
सुरू झाला,9,bigram
पानापासून संग्रहित,9,bigram
असा प्रश्न,9,bigram
सांगितलं होतं,8,bigram
बीबीसी मराठीशी बोलताना,8,trigram
एकत्र आले तर,8,trigram
ही गोष्ट,8,bigram
मोमीन कवठेकर,8,bigram
संत एकनाथ,8,bigram
केला तर,8,bigram
पुन्हा एकदा,8,bigram
यांनी साकारली,8,bigram
तयार केली,8,bigram
आक्रमण केले,8,bigram
जास्तीत जास्त,8,bigram
म्हणून साजरा,8,bigram
मुख्यालय आहे,8,bigram
मराठी अनुवाद,8,bigram
मध्ये झालेल्या,8,bigram
तयार झाले,8,bigram
असे सांगितले,8,bigram
फ्री हिट,8,bigram
राजाराम महाराज,8,bigram
च्या सुमारास,8,bigram
नंतरच्या काळात,8,bigram
करून दिली,8,bigram
येणार नाही,8,bigram
ऑफ द,8,bigram
आणि काही,8,bigram
प्राचीन काळी,8,bigram
एकत्र आले,8,bigram
आले तर,8,bigram
भाग आहे,8,bigram
Bihar Election Result,8,trigram
बाजीराव पेशवे,8,bigram
शिक्षण संस्था,8,bigram
Election Result,8,bigram
हा किल्ला,8,bigram
महत्त्व आहे,8,bigram
संभाजी महाराजांनी,8,bigram
सर्वात मोठा,8,bigram
राज्य होते,8,bigram
केली व,8,bigram
होऊ नये,8,bigram
पण काही,8,bigram
अशा प्रकारे,8,bigram
आणि संत,8,bigram
आहे जे,8,bigram
मुक्त विद्यापीठ,8,bigram
बोलली जाते,8,bigram
नाही असे,8,bigram
झाला तर,8,bigram
दादासाहेब फाळके,8,bigram
काम करत,8,bigram
आणि आपल्या,8,bigram
प्रकार आहे,8,bigram
प्रकार आहेत,8,bigram
मनाचे श्लोक,8,bigram
केले जात,8,bigram
देण्यात आले,8,bigram
क्रिकेट हा,8,bigram
एक प्रमुख,8,bigram
जात आहे,8,bigram
आंबेडकरांनी आपल्या,8,bigram
तर त्या,8,bigram
लेखक वि,8,bigram
आंबेडकर यांच्या,8,bigram
उदयास आली,8,bigram
आहे ती,8,bigram
आहेत पण,8,bigram
सातारा शहराच्या,8,bigram
होते परंतु,8,bigram
मराठीशी बोलताना,8,bigram
बीबीसी मराठीशी,8,bigram
झाली आणि,8,bigram
आणि त्यांना,8,bigram
प्राप्त करून,8,bigram
प्रथम श्रेणी,8,bigram
आहे पण,8,bigram
राष्ट्रीय महामार्ग,8,bigram
स्थापना झाली,8,bigram
त्या काळात,8,bigram
इतर अनेक,8,bigram
आहे जो,8,bigram
असून तो,8,bigram
करावा लागला,8,bigram
इंग्लंड आणि,8,bigram
सुरू केला,8,bigram
झालेली आहे,8,bigram
इंग्रजी लेखक,8,bigram
होणार नाही,8,bigram
आंबेडकर यांची,8,bigram
मराठी माणूस,8,bigram
म्हणणं आहे की,8,trigram
विविध प्रकारच्या,7,bigram
गरजेचे आहे,7,bigram
संत मुक्ताबाई,7,bigram
मिळाला आहे,7,bigram
गेल्या काही,7,bigram
अजून एक,7,bigram
यांचा वापर,7,bigram
करण्यात आली आहे,7,trigram
एक मोठी,7,bigram
भारताचे शिल्पकार,7,bigram
गरम पाण्यानं,7,bigram
गौरव केला,7,bigram
हे मराठी,7,bigram
मंदिर आहे,7,bigram
2013 रोजी,7,bigram
त्या दिवशी,7,bigram
आहे मी,7,bigram
झाली व,7,bigram
यांच्या जीवनावर,7,bigram
फायदा होईल,7,bigram
आहे असा,7,bigram
अभियांत्रिकी महाविद्यालय,7,bigram
आलं होतं,7,bigram
मूळ इंग्रजी लेखक,7,trigram
इंग्रजी आवृत्ती मुक्त,7,trigram
हे भारतीय,7,bigram
म्हणून या,7,bigram
महिला क्रिकेट,7,bigram
राजाराम महाराजांच्या,7,bigram
होतं पण,7,bigram
उल्लेख आहे,7,bigram
ही भाषा,7,bigram
व्या शतकाच्या,7,bigram
आणि त्यांनी,7,bigram
भारताच्या सर्वांत,7,bigram
ही पेठ,7,bigram
गेले आहेत,7,bigram
यादव यांच्या,7,bigram
विकास झाला,7,bigram
ही त्यांची,7,bigram
यांची कन्या,7,bigram
पराभव केला,7,bigram
सुरू होत,7,bigram
सामना करावा,7,bigram
तेजस्वी यादव,7,bigram
हा लेख,7,bigram
पण आता,7,bigram
राजधानी होती,7,bigram
केलं तर,7,bigram
14 रोजी,7,bigram
ईस्ट इंडिया,7,bigram
2013 रोजी मूळ,7,trigram
मुंबई हे,7,bigram
महात्मा गांधींनी,7,bigram
लोकप्रिय आहेत,7,bigram
बशीर मोमीन,7,bigram
करता येते,7,bigram
आवृत्ती मुक्त,7,bigram
शिक्षण आणि,7,bigram
सांगितले होते,7,bigram
असं मला,7,bigram
आणि मग,7,bigram
आणि त्याची,7,bigram
की या,7,bigram
अल फलाह,7,bigram
हे छत्रपती,7,bigram
१९३० मध्ये,7,bigram
२६ जानेवारी,7,bigram
परिणाम झाला,7,bigram
टाइम्स ऑफ,7,bigram
जब्बार पटेल,7,bigram
सप्टेंबर 2025,7,bigram
करण्याचा प्रयत्न केला,7,trigram
किमी अंतरावर,7,bigram
की तुम्ही,7,bigram
१९६० मध्ये,7,bigram
मराठी ही,7,bigram
दिली आहे,7,bigram
झालं आहे,7,bigram
वापरला जातो,7,bigram
असा आहे,7,bigram
लेखक डॉ,7,bigram
तयार केला,7,bigram
करत होते,7,bigram
सामाजिक व,7,bigram
यांचा जन्म,7,bigram
१९३२ रोजी,7,bigram
मराठा साम्राज्याचे,7,bigram
पण त्यांच्या,7,bigram
पेक्षा अधिक,7,bigram
14 रोजी मूळ,7,trigram
असे म्हणले जाते,7,trigram
असा होतो,7,bigram
वल्लभभाई पटेल,7,bigram
लालू यादव,7,bigram
पुढे जाऊन,7,bigram
पराभव करून,7,bigram
आंतरराष्ट्रीय विमानतळ,7,bigram
माध्यमिक शिक्षण,7,bigram
राजकीय व,7,bigram
व सामाजिक,7,bigram
कायदा व,7,bigram
करण्यात आला आहे,7,trigram
राज ठाकरे आणि,7,trigram
आणि उद्धव ठाकरे,7,trigram
झालेला आहे,7,bigram
काही भाग,7,bigram
पराभव झाला,7,bigram
होत असे,7,bigram
आहे म्हणून,7,bigram
यशवंतराव चव्हाण,7,bigram
असतो व,7,bigram
असे म्हणले आहे,7,trigram
प्रश्न उपस्थित,7,bigram
झाला व,7,bigram
आहेत का,7,bigram
मिळाले होते,7,bigram
त्यांनी आपल्या,7,bigram
हिंदू धर्म,7,bigram
करू नका,7,bigram
असतील तर,7,bigram
परिणाम होतो,7,bigram
कार्तिक शुद्ध,7,bigram
असे संबोधले,7,bigram
आधुनिक भारताचे शिल्पकार,7,trigram
हा प्रकार,7,bigram
व त्यांनी,7,bigram
उच्च माध्यमिक,7,bigram
चर्चा केली,7,bigram
असे नाव दिले,7,trigram
करता येतो,7,bigram
बशीर मोमीन कवठेकर,7,trigram
तर काही,7,bigram
कमी होत,7,bigram
मत आहे,7,bigram
या शहरात,7,bigram
म्हणून ओळखला,7,bigram
यांच्या मते,7,bigram
आणि त्यातून,6,bigram
हिंदी चित्रपट,6,bigram
यांनी त्यांच्या,6,bigram
त्यांची पत्नी,6,bigram
करत आहे,6,bigram
आंबेडकर यांची भूमिका,6,trigram
साहित्य आणि,6,bigram
तर मग,6,bigram
मी हे,6,bigram
खऱ्या अर्थाने,6,bigram
प्रतिनिधी म्हणून,6,bigram
करत असताना,6,bigram
त्यांनी म्हटलं,6,bigram
जगातील सर्वात,6,bigram
एक अतिरिक्त,6,bigram
प्रसिद्ध झाले,6,bigram
नाव बदलून,6,bigram
लक्षात येते,6,bigram
घेतला आणि,6,bigram
शकतो परंतु,6,bigram
यांनी संगीतबद्ध,6,bigram
केले आहेत,6,bigram
दिन म्हणून,6,bigram
भाग घेतला,6,bigram
शाखा आहे,6,bigram
हा भाग,6,bigram
त्या वेळी,6,bigram
महत्त्वाचे आहे,6,bigram
पुणे शहर,6,bigram
का हे,6,bigram
या भागात,6,bigram
गेला आणि,6,bigram
म्हणून प्रसिद्ध,6,bigram
गरम पाण्यानं अंघोळ,6,trigram
भाषा आहे,6,bigram
दिला होता,6,bigram
घेतली होती,6,bigram
होते असे,6,bigram
हिंदू धर्मात,6,bigram
आणि मी,6,bigram
मरण पावले,6,bigram
दिले गेले,6,bigram
नाही त्यामुळे,6,bigram
होतो आणि,6,bigram
करीत असत,6,bigram
होतं आणि,6,bigram
एक महत्त्वाचे,6,bigram
क्षेत्ररक्षण करणाऱ्या,6,bigram
सुरू होते,6,bigram
दिले आहे,6,bigram
मला वाटतं,6,bigram
५० ०००,6,bigram
लोकप्रिय आहे,6,bigram
केली गेली,6,bigram
होत आहेत,6,bigram
होईल असं,6,bigram
महत्त्वाचं आहे,6,bigram
उपस्थित केला,6,bigram
वैशाख शुद्ध,6,bigram
मर्यादित षटकांच्या,6,bigram
आहेत ते,6,bigram
महाराज आणि,6,bigram
एक मोठा,6,bigram
अध्यक्ष म्हणून,6,bigram
होता की,6,bigram
मोठी बाजारपेठ,6,bigram
मंदिर हे,6,bigram
असे मानतात,6,bigram
फलंदाजी करणाऱ्या,6,bigram
१९१३ रोजी,6,bigram
घोषणा केली,6,bigram
आणि राजकीय,6,bigram
व राजकीय,6,bigram
१५ ऑगस्ट,6,bigram
ही संस्था,6,bigram
बुद्ध जयंती,6,bigram
म्हणून साजरा केला,6,trigram
डाव घोषित,6,bigram
जीवनावर आधारित,6,bigram
की जर,6,bigram
व त्यात,6,bigram
पुरस्कार मिळाला आहे,6,trigram
माहिती नाही,6,bigram
काम केलं,6,bigram
मध्ये सुरू,6,bigram
सांगितले आहे,6,bigram
प्रयत्न करतात,6,bigram
सोलापूर शहर,6,bigram
की हे,6,bigram
ठाकरे आणि उद्धव,6,trigram
हे काम,6,bigram
महानगर पालिका,6,bigram
होते तर,6,bigram
होळकर वाडा,6,bigram
ठेवण्यात आले,6,bigram
व नंतर,6,bigram
मराठी लोकांना,6,bigram
१९५६ मध्ये,6,bigram
ओळखले जात,6,bigram
टाइम्स ऑफ इंडिया,6,trigram
सहभागी झाले होते,6,trigram
लिहिले आहे,6,bigram
हून अधिक,6,bigram
दिला आणि,6,bigram
सामाजिक आर्थिक,6,bigram
आणि पुढे,6,bigram
गरज नाही,6,bigram
शकला नाही,6,bigram
यांचा समावेश होतो,6,trigram
करत असत,6,bigram
म्हटलं जातं,6,bigram
करू शकत नाही,6,trigram
मराठा साम्राज्याची,6,bigram
तयार होते,6,bigram
हे मुख्य,6,bigram
नाशिक रोड,6,bigram
पण हे,6,bigram
मूळ लेखक,6,bigram
अशा वेळी,6,bigram
साजरा होतो,6,bigram
मराठी भाषेतील,6,bigram
आहे असे मानले,6,trigram
कसोटी क्रिकेट,6,bigram
जात आहेत,6,bigram
रेकॉर्ड केले,6,bigram
उत्तर भारतात,6,bigram
व भारतीय,6,bigram
आहेत किंवा,6,bigram
प्रयत्न करतो,6,bigram
प्रथा आहे,6,bigram
सचिन तेंडुलकर,6,bigram
अनेक वेळा,6,bigram
पूजा केली,6,bigram
तयार केले,6,bigram
वाटत होते,6,bigram
सर्वात मोठी,6,bigram
करार रद्द,6,bigram
काही काळ,6,bigram
करू लागले,6,bigram
राम मंदिर,6,bigram
असे म्हणत,6,bigram
सर्वात मोठे,6,bigram
ही मराठी,6,bigram
नाही परंतु,6,bigram
एक भाग,6,bigram
झाले व,6,bigram
ओळख करून,6,bigram
सर्वांत मोठे,6,bigram
त्यामुळे त्यांनी,6,bigram
परंतु या,6,bigram
दक्षिण आफ्रिकेतील,6,bigram
स्वामी समर्थ,6,bigram
केला नाही,6,bigram
संस्था आहेत,6,bigram
आणि सामाजिक,6,bigram
नेते होते,6,bigram
श्रीजा सावंत,6,bigram
भीमराव आंबेडकर,6,bigram
च्या जनगणनेनुसार,6,bigram
नाही या,6,bigram
घेतला आहे,6,bigram
शिक्षण हे,6,bigram
म्हणून ओळखला जातो,6,trigram
क्रिकेट खेळाडू,6,bigram
आंबेडकर स्मारक,6,bigram
भारत सरकारने,6,bigram
भेट झाली,6,bigram
जात असताना,6,bigram
नये यासाठी,6,bigram
काही वेळा,6,bigram
सोशल मीडियावर,6,bigram
काही लोक,6,bigram
भारतात अनेक,6,bigram
शक्य आहे,6,bigram
कुमार यांनी,6,bigram
त्यांचे वडील,6,bigram
असेही म्हणतात,6,bigram
किंवा दोन,6,bigram
अशा प्रकारच्या,6,bigram
काय परिणाम,6,bigram
पेठ व,6,bigram
मध्य प्रदेश,6,bigram
मदत केली,6,bigram
बाप्पा मोरया,6,bigram
आणि सांस्कृतिक,6,bigram
आणि भारतीय,6,bigram
तुका म्हणे,6,bigram
या प्रदेशात,6,bigram
या ग्रंथात,6,bigram
आणि संस्कृती,6,bigram
सण साजरा,6,bigram
गेले आणि,6,bigram
हिंदी आणि,6,bigram
हा प्रश्न,6,bigram
केले आणि,6,bigram
तयार करून,6,bigram
होते व,6,bigram
की नाही,6,bigram
नावाने ओळखले,6,bigram
इंग्लिश भाषेत,6,bigram
असू शकते,6,bigram
वापरले जाते,6,bigram
हे त्यांचे,6,bigram
पोलीस व्हेरिफिकेशन,6,bigram
यांची भूमिका,6,bigram
भूमिका अभिनेता,6,bigram
शुद्ध प्रतिपदा,6,bigram
असून या,6,bigram
लाभलेली आहे,6,bigram
महाराष्ट्र राज्यातील,6,bigram
होते ते,6,bigram
ते सांगतात की,5,trigram
म्हटलंय की,5,bigram
या कालावधीत,5,bigram
तपासा सहाय्य,5,bigram
मूल्ये तपासा,5,bigram
दिनांक मूल्ये,5,bigram
मधील दिनांक,5,bigram
पोलीस आयुक्त,5,bigram
काम करून,5,bigram
प्रबोधनकार ठाकरे,5,bigram
चैत्र शुद्ध,5,bigram
योगदान दिले,5,bigram
समजला जातो,5,bigram
सामील झाले,5,bigram
बिहार विधानसभा,5,bigram
यांची भूमिका अभिनेता,5,trigram
असा विचार,5,bigram
आहेत तर,5,bigram
प्रशासकीय मुख्यालय आहे,5,trigram
भारतीय महिला क्रिकेट,5,trigram
पोलिसांनी दिलेल्या माहितीनुसार,5,trigram
आशा भोसले,5,bigram
जीवनावर आधारित एक,5,trigram
यांनी साकारली होती,5,trigram
भारतीय महिला,5,bigram
खंड १,5,bigram
शिवाजी महाराजांना,5,bigram
आणि त्यानंतर,5,bigram
वैशिष्ट्य आहे,5,bigram
हा होता,5,bigram
मंगेशकर यांनी,5,bigram
त्यांचे निधन,5,bigram
स्वतंत्र मतदार,5,bigram
आणि ही,5,bigram
दोन वेळा,5,bigram
असलेल्या या,5,bigram
या चित्रपटात,5,bigram
मान्य केले,5,bigram
यांनी लिहिलेले,5,bigram
विसाव्या शतकाच्या,5,bigram
महाराष्ट्र शासनाने,5,bigram
शहराची लोकसंख्या,5,bigram
सुरू करण्यात,5,bigram
नये म्हणून,5,bigram
संत एकनाथांच्या,5,bigram
या मुली,5,bigram
आहे हा,5,bigram
आणि या,5,bigram
पार्थ पवार,5,bigram
काम करतात,5,bigram
तेव्हा ते,5,bigram
असून त्याच्या,5,bigram
२०१२ मध्ये,5,bigram
होण्याची शक्यता,5,bigram
होऊ शकते,5,bigram
आणि पुन्हा,5,bigram
फलंदाज नाबाद,5,bigram
डोनाल्ड ट्रम्प,5,bigram
धर्म आणि,5,bigram
नाही याची,5,bigram
याची खात्री,5,bigram
गणपती बाप्पा,5,bigram
नद्या आहेत,5,bigram
होता तो,5,bigram
नामदेव हे,5,bigram
विजया मेहता,5,bigram
कमी आहे,5,bigram
20 रोजी,5,bigram
असणे आवश्यक,5,bigram
हे महाराष्ट्र,5,bigram
कदम यांनी,5,bigram
पोलीस ठाण्यात,5,bigram
गुन्हा दाखल,5,bigram
परंतु ते,5,bigram
वैशिष्ट्य म्हणजे,5,bigram
सेंटर फॉर,5,bigram
होती की,5,bigram
गोष्ट आहे,5,bigram
हे गाव,5,bigram
संगीत नाटक अकादमी,5,trigram
निवड केली,5,bigram
ठरू शकतं,5,bigram
की आजच्या,5,bigram
आजच्या सर्व,5,bigram
सर्व समस्यांना,5,bigram
व अनेक,5,bigram
घेतला व,5,bigram
विक्रम गोखले,5,bigram
at the वेबॅक,5,trigram
the वेबॅक मशीन,5,trigram
अस्पृश्यांचे प्रतिनिधी,5,bigram
क्लबचा तरण,5,bigram
यासाठी त्यांनी,5,bigram
निर्माण झाली,5,bigram
म्हणजे या,5,bigram
अशा दोन्ही,5,bigram
क्लबचा तरण तलाव,5,trigram
संत तुकाराम महाराज,5,trigram
बीबीसी मराठी,5,bigram
लोक या,5,bigram
गणपती बाप्पा मोरया,5,trigram
२०११ च्या,5,bigram
हा जिल्हा,5,bigram
स्थित आहे,5,bigram
तसेच त्यांनी,5,bigram
अशा प्रकारचे,5,bigram
बनला आहे,5,bigram
श्री क्षेत्र,5,bigram
घटना समितीचे,5,bigram
मात्र या,5,bigram
होऊ लागले,5,bigram
भारतात या,5,bigram
लावणी हा,5,bigram
सर्व प्रमुख,5,bigram
हा उत्सव,5,bigram
अशी माहिती,5,bigram
महाराज यांच्या,5,bigram
आणि त्यात,5,bigram
संत चोखामेळा,5,bigram
आंतरराष्ट्रीय स्तरावर,5,bigram
करणे आवश्यक,5,bigram
स्वीकार केला,5,bigram
बाळाजी विश्वनाथ,5,bigram
राजकीय व सामाजिक,5,trigram
असे संबोधले जाते,5,trigram
स्थान आहे,5,bigram
शब्दाचा अर्थ,5,bigram
उत्सव साजरा,5,bigram
अशी त्यांची,5,bigram
हिंदू आणि,5,bigram
२० मार्च,5,bigram
योग्य आहे,5,bigram
हे समजून,5,bigram
कोल्हापूर हे,5,bigram
अस्पृश्यांच्या राजकीय,5,bigram
बाबासाहेब आंबेडकर स्मारक,5,trigram
फक्त एक,5,bigram
येथे मराठी,5,bigram
वसलेले आहे,5,bigram
उदाहरण म्हणजे,5,bigram
b c,5,bigram
भेट देतात,5,bigram
झाले तेव्हा,5,bigram
जागा मिळाल्या,5,bigram
भर घातली,5,bigram
होती या,5,bigram
साम्राज्याची स्थापना,5,bigram
03 रोजी,5,bigram
संस्था आहे,5,bigram
व त्या,5,bigram
मधील दिनांक मूल्ये,5,trigram
ही स्पर्धा,5,bigram
आंबेडकर राष्ट्रीय,5,bigram
माहिती दिली,5,bigram
पाटील यांनी,5,bigram
कारखाना आहे,5,bigram
व्या वर्षी,5,bigram
राजेंद्र कदम यांनी,5,trigram
होती व,5,bigram
०० ०००,5,bigram
नाही असं,5,bigram
पंडित जवाहरलाल,5,bigram
हंबीरराव मोहिते,5,bigram
सांगितलं आहे,5,bigram
जर तुम्ही,5,bigram
असाल तर,5,bigram
सोलापूर हे,5,bigram
ओळखली जाते,5,bigram
करण्यात आले होते,5,trigram
आणि दुसऱ्या,5,bigram
किंवा इतर,5,bigram
साम्राज्याचा विस्तार,5,bigram
त्यांच्या मते,5,bigram
फील्ड हॉकी,5,bigram
यांच्या अध्यक्षतेखाली,5,bigram
स्थापन केली,5,bigram
केलं आहे,5,bigram
मिळाल्या होत्या,5,bigram
होते तेव्हा,5,bigram
असलं तरी,5,bigram
आहेत की,5,bigram
आंबेडकर आंतरराष्ट्रीय,5,bigram
दिनांक मूल्ये तपासा,5,trigram
मूल्ये तपासा सहाय्य,5,trigram
यांचे निधन झाले,5,trigram
सातारा येथील,5,bigram
या मराठी,5,bigram
चुका उधृत,5,bigram
उधृत करा,5,bigram
महाविद्यालय नागपूर,5,bigram
at the,5,bigram
त्यांनी या,5,bigram
राजधानी म्हणून,5,bigram
03 रोजी मूळ,5,trigram
20 रोजी मूळ,5,trigram
असणे आवश्यक आहे,5,trigram
हे सगळं,5,bigram
परत आले,5,bigram
आहे अशी,5,bigram
Result LIVE,5,bigram
करू शकतात,5,bigram
कामगिरी केली,5,bigram
पूजा करून,5,bigram
आश्विन शुद्ध,5,bigram
केला पण,5,bigram
पण ते,5,bigram
ट्रम्प यांच्या,5,bigram
म्हणतात आणि,5,bigram
पंतप्रधान म्हणून,5,bigram
दिले नाही,5,bigram
नाही कारण,5,bigram
तेव्हा तो,5,bigram
हे नाव पडले,5,trigram
असा समज,5,bigram
यांचे निधन,5,bigram
सयाजीराव गायकवाड,5,bigram
एक मराठी,5,bigram
सहभागी होतात,5,bigram
आणि हे,5,bigram
मौर्य साम्राज्याच्या,5,bigram
हा लढा,5,bigram
या तीन,5,bigram
नाहीत तर,5,bigram
संस्था आणि,5,bigram
सांगितले की,5,bigram
काँग्रेस पक्षाचे,5,bigram
व्यक्ती आणि,5,bigram
गरजेचं आहे,5,bigram
येत आहेत,5,bigram
जात असत,5,bigram
मार्च २०१७,5,bigram
आणि त्यांचे,5,bigram
माहिती व,5,bigram
त्यांच्या स्वतःच्या,5,bigram
येथे झाला,5,bigram
अशी मागणी,5,bigram
the वेबॅक,5,bigram
वेबॅक मशीन,5,bigram
a b c,5,trigram
चुका उधृत करा,5,trigram
१९७० च्या,5,bigram
असेल आणि,5,bigram
सांगितले जाते,5,bigram
सुरुवातीच्या काळात,5,bigram
बाद होऊ,5,bigram
पं नेहरूंनी,5,bigram
पुणे येथे,5,bigram
व तो,5,bigram
हे मंदिर,5,bigram
आधारित एक,5,bigram
साकारली होती,5,bigram
प्रवेश केला,5,bigram
एक दोन,5,bigram
कमी होते,5,bigram
खेळाडू असतात,5,bigram
करत होता,5,bigram
जोडले गेले,5,bigram
जर चेंडू,5,bigram
गेला तर,5,bigram
१९२३ रोजी,5,bigram
उच्च शिक्षण,5,bigram
झालं होतं,5,bigram
के लिए,5,bigram
ही घटना,5,bigram
असत आणि,5,bigram
उद्यान आहे,5,bigram
शकत होते,5,bigram
बहिणाबाई चौधरी,5,bigram
मराठी भाषेचे,5,bigram
बाबासाहेब आंबेडकरांनी,5,bigram
म्हणून उदयास,5,bigram
भाग म्हणून,5,bigram
2012 रोजी,5,bigram
ट्रम्प यांनी,5,bigram
हा विक्रम,5,bigram
उभा राहतो,5,bigram
आहे संदर्भ,5,bigram
एक संघ,5,bigram
काळाराम मंदिर,5,bigram
अनेक लोक,5,bigram
३ मार्च,5,bigram
पटेल यांनी,5,bigram
दिला आहे,5,bigram
व्यंकटेश माडगूळकर,5,bigram
असे आहे,5,bigram
अनेक गाणी,5,bigram
6 षटकार,5,bigram
जाते व,5,bigram
यांनी बीबीसी,5,bigram
अवलंबून आहे,5,bigram
दूरचित्रवाणी मालिका,5,bigram
एक एक,5,bigram
करतात आणि,5,bigram
कोटी रुपये,5,bigram
भाग १,5,bigram
केले तर,5,bigram
होत असत,5,bigram
एक मुलगी,5,bigram
की आजच्या सर्व,5,trigram
नाशिक हे,5,bigram
स्थापन केले,5,bigram
अशी अनेक,5,bigram
समितीचे अध्यक्ष,5,bigram
महात्मा फुले,5,bigram
अनुवादित मूळ,5,bigram
कलम 6,5,bigram
काही दिवस,5,bigram
आजच्या सर्व समस्यांना,5,trigram
ज्ञानेश्वर आणि,5,bigram
सादर केले,5,bigram
तर फलंदाज,5,bigram
पोलिसांनी दिलेल्या,5,bigram
आली आहेत,5,bigram
जाणार आहे,5,bigram
विद्यापीठ आहे,5,bigram
आधुनिक काळात,5,bigram
हा त्यांचा,5,bigram
हा प्रदेश,5,bigram
बचाव करणाऱ्या,5,bigram
विजय चोरमारे,5,bigram
रामभाऊ राजवाडे,5,bigram
आयोजित केले,5,bigram
प्रदान करण्यात,5,bigram
पण तो,5,bigram
राजेंद्र साठे,5,bigram
होता पण,5,bigram
छत्रपती शिवाजी महाराजांनी,5,trigram
२०११ च्या जनगणनेनुसार,5,trigram
केली तर,5,bigram
निर्माण केला,5,bigram
संगीत नाटक,5,bigram
नाटक अकादमी,5,bigram
अकादमी पुरस्कार,5,bigram
हे भारताचे,5,bigram
हे आंदोलन,5,bigram
हा जगातील,5,bigram
करण्यात आला होता,5,trigram
असं मला वाटतं,5,trigram
ते म्हणतात की,5,trigram
चित्रपट आहे ज्यात,5,trigram
नो बॉल,5,bigram
अतिरिक्त चेंडू,5,bigram
आहे संदर्भ हवा,5,trigram
१९३१ रोजी,5,bigram
येणार आहे,5,bigram
वाडा होता,5,bigram
२६ नोव्हेंबर,5,bigram
करण्यात येते,5,bigram
आंबेडकर व,5,bigram
खेळला जाणारा,5,bigram
केले की,5,bigram
साजरा करतात,5,bigram
प्रशासकीय मुख्यालय,5,bigram
मध्ये या,5,bigram
जवळ जवळ,5,bigram
रवींद्र भट,5,bigram
मराठा साम्राज्य,5,bigram
पडला आहे,5,bigram
त्यांच्या या,5,bigram
अधिक माहितीसाठी,5,bigram
प्राप्त झाले,5,bigram
महाराज हे,5,bigram
यांच्या जीवनावर आधारित,5,trigram
पश्चिम बंगाल,5,bigram
हे काही,5,bigram
या काळातील,5,bigram
गेली आहेत,5,bigram
हे जगातील,5,bigram
याची माहिती,5,bigram
राजवाडे यांनी,5,bigram
दिलं आहे,5,bigram
लेखन केले,5,bigram
मिळत नाही,5,bigram
तुकाराम गाथा,5,bigram
गाथा संपादक,5,bigram
करणारा संघ,5,bigram
रेल्वे स्थानक,5,bigram
Election Result LIVE,5,trigram
करण्यात आले आहे,5,trigram
फलंदाजाला बाद,5,bigram
संत ज्ञानेश्वरांच्या,5,bigram
ज्ञानेश्वर महाराज,5,bigram
शेती केली जाते,4,trigram
मर्यादित षटकांचे,4,bigram
२०१९ रोजी,4,bigram
त्यामुळे हे,4,bigram
गोलमेज परिषदेच्या,4,bigram
आणि त्याने,4,bigram
साकारली आहे,4,bigram
७ नोव्हेंबर,4,bigram
केला जाऊ शकतो,4,trigram
भारतापेक्षा बऱ्याच लहान,4,trigram
बऱ्याच लहान अर्थव्यवस्था,4,trigram
लहान अर्थव्यवस्था असणाऱ्या,4,trigram
हल्ला करून,4,bigram
आणि फलंदाज,4,bigram
आंध्र प्रदेश,4,bigram
आणि चेंडू,4,bigram
करतो आणि,4,bigram
सामाजिक कार्यकर्ते,4,bigram
द ग्रेटेस्ट इंडियन,4,trigram
फलंदाजी करणारा संघ,4,trigram
अस्पृश्यांचे प्रतिनिधी म्हणून,4,trigram
माध्यमिक व,4,bigram
प्रत्येक संघात,4,bigram
वाढली आहे,4,bigram
ओळखले जाऊ लागले,4,trigram
केला गेला आहे,4,trigram
पेशवे मराठा साम्राज्याचे,4,trigram
ऑक्टोबर १९३० रोजी,4,trigram
च्या कलम,4,bigram
1967 च्या,4,bigram
कायदा 1967,4,bigram
पासपोर्ट कायदा,4,bigram
6 2,4,bigram
सुवर्ण विनिमय,4,bigram
हे संगणक,4,bigram
आहे तिथे,4,bigram
अनौपचारिक शिक्षण,4,bigram
आंदोलन मागे,4,bigram
असे ते,4,bigram
केली नाही,4,bigram
मीटर रुंद,4,bigram
आणि पूर्ण,4,bigram
पण ती,4,bigram
का म्हटलं,4,bigram
म्हणून ओळखल्या,4,bigram
पुणे विद्यापीठ,4,bigram
दिसून येतो,4,bigram
संस्कृत भाषेतील,4,bigram
जे काही,4,bigram
मसुदा समितीचे,4,bigram
पिंपरी चिंचवड,4,bigram
चित्रपटगीत चित्रपट,4,bigram
घोषित केले,4,bigram
याची कल्पना,4,bigram
पण तरीही,4,bigram
जंगली महाराज,4,bigram
काय आहेत,4,bigram
व विविध,4,bigram
व त्याची,4,bigram
सुरू होतो,4,bigram
झाला या,4,bigram
यांनी केले,4,bigram
आघाडीवर आहे,4,bigram
यांनी दिग्दर्शित,4,bigram
शेड्युल्ड कास्ट्स,4,bigram
अस्तित्वात आहे,4,bigram
रिस्क घेत,4,bigram
कधीच रिस्क,4,bigram
फक्त एकच,4,bigram
सामाजिक आणि,4,bigram
इतिहास आहे,4,bigram
ठाकरे यांच्या,4,bigram
की मी,4,bigram
गरज असते,4,bigram
करून त्यांनी,4,bigram
लहान मोठी,4,bigram
तयारी सुरू,4,bigram
इस्लामी राजवट,4,bigram
वध केला,4,bigram
कारण मी,4,bigram
म्हणून नियुक्त,4,bigram
परंतु त्यांनी,4,bigram
समर्पित आहे,4,bigram
दुसऱ्या गोलमेज,4,bigram
व दुसऱ्या,4,bigram
बाहेर गेला,4,bigram
पहिली महिला,4,bigram
मानले जातात,4,bigram
स्थानक हे,4,bigram
आणि त्याच्या,4,bigram
समान न्याय,4,bigram
पूर्णपणे बंद,4,bigram
स्वातंत्र्यसैनिक आहे,4,bigram
वैदिक संस्कृती,4,bigram
वैदिक काळात,4,bigram
मुंबई पुणे,4,bigram
आंतरराष्ट्रीय दर्जाचे,4,bigram
अभ्यास करत,4,bigram
राष्ट्रीय पुरस्कार,4,bigram
या चित्रपटाला,4,bigram
त्यांनी त्या,4,bigram
म्हणाले मी,4,bigram
काँग्रेसचे अध्यक्ष,4,bigram
एक किंवा,4,bigram
झालेल्या एका,4,bigram
6 चेंडूंवर,4,bigram
सुरेखा पुणेकर,4,bigram
मंदिरे धर्मशाळा,4,bigram
अधिक प्रमाणात,4,bigram
विद्यापीठ आणि,4,bigram
ते मुंबईला,4,bigram
असा की,4,bigram
गांधी यांनी,4,bigram
असल्याचे दिसून,4,bigram
खेळल्या जाणाऱ्या,4,bigram
युद्ध केले,4,bigram
एक महत्त्वाचा,4,bigram
आणि त्यावर,4,bigram
२००७ मध्ये,4,bigram
सादर केला,4,bigram
एक नवीन,4,bigram
बौद्ध व,4,bigram
म्हटलं की,4,bigram
विज्ञान आणि,4,bigram
एक मुहूर्त,4,bigram
५ ६,4,bigram
नाही की,4,bigram
गेली आणि,4,bigram
याच शहरात,4,bigram
वसाहत आहे,4,bigram
सर्वांत मोठी,4,bigram
शपथ घेतली,4,bigram
चौकशी केली,4,bigram
या खेळात,4,bigram
ज्ञानपीठ पुरस्कार,4,bigram
गरम पाणी,4,bigram
जास्त गरम,4,bigram
असतं आणि,4,bigram
करून त्यांना,4,bigram
शिक्षण मंडळ,4,bigram
काळ हा,4,bigram
क्रिकेट संघ,4,bigram
मोठा प्रभाव,4,bigram
एकत्र येतील,4,bigram
संस्थेची स्थापना,4,bigram
सुरुवात होते,4,bigram
बाबासाहेब आंबेडकरांचा,4,bigram
स्वरूप आहे,4,bigram
घेतली आहे,4,bigram
क्रिकेट आणि,4,bigram
आहे कारण,4,bigram
हवामान बदलाच्या,4,bigram
वापरली जाते,4,bigram
ते आपल्या,4,bigram
संस्कृती आणि,4,bigram
ध्येय होते,4,bigram
काळात भारतीय,4,bigram
महाराष्ट्र सरकारने,4,bigram
सांगतो की,4,bigram
ऑगस्ट 2025,4,bigram
साहित्य संमेलन,4,bigram
भारतीय संस्कृतीचा,4,bigram
मध्ये जेव्हा,4,bigram
या चित्रपटाने,4,bigram
इच्छा आहे,4,bigram
रद्द करण्यात,4,bigram
आली व,4,bigram
ऑक्टोबर १९३०,4,bigram
लेणी आहेत,4,bigram
जास्त आहे,4,bigram
स्थानक आहे,4,bigram
अशी ही,4,bigram
नाही का,4,bigram
कॉर्नेलिया सोराबजी,4,bigram
असे सांगतात,4,bigram
मी एक,4,bigram
ई बुक,4,bigram
राष्ट्रीय स्मारक,4,bigram
बीबीसीसाठी कलेक्टिव्ह,4,bigram
गेली होती,4,bigram
थोरले बाजीराव,4,bigram
ठाकरे यांनी,4,bigram
वापर करण्यास,4,bigram
जलतरण तलाव,4,bigram
वसंतदादा पाटील,4,bigram
नागपूर येथे,4,bigram
संत ज्ञानेश्वरांनी,4,bigram
अधिकृत संकेतस्थळ,4,bigram
प्रसाद यादव,4,bigram
लालू प्रसाद,4,bigram
पेशवे मराठा,4,bigram
अशी विधानं,4,bigram
करावे लागले,4,bigram
झाले असावे,4,bigram
वास्तव्य होते,4,bigram
जगातील सर्वांत,4,bigram
असा अंदाज,4,bigram
नावाच्या एका,4,bigram
असतात आणि,4,bigram
कठीण आहे,4,bigram
केल्या गेल्या,4,bigram
भारत व,4,bigram
पुण्यश्लोक अहिल्यादेवी,4,bigram
काय म्हणतात,4,bigram
एके काळी,4,bigram
अशा पद्धतीने,4,bigram
भारत हा,4,bigram
मराठी प्रतिनिधी,4,bigram
बाईट १,4,bigram
अस्तित्वात आहेत,4,bigram
मार्च १९२७,4,bigram
साजरी केली,4,bigram
हे गाणे,4,bigram
येत असतात,4,bigram
दिवस म्हणून,4,bigram
खेळवला गेला,4,bigram
15 रोजी,4,bigram
या तिन्ही,4,bigram
होता मात्र,4,bigram
राम कुमार,4,bigram
१२ व्या,4,bigram
गोष्ट म्हणजे,4,bigram
हे लक्षात,4,bigram
जाहीर केले,4,bigram
13 नोव्हेंबर,4,bigram
होते त्या,4,bigram
काही प्रमुख,4,bigram
प्रभावित होऊन,4,bigram
सल्लागार समिती,4,bigram
शाहू महाराज,4,bigram
तर कधी,4,bigram
होळकर यांच्या,4,bigram
बांधण्यात आले,4,bigram
या नावानेही,4,bigram
असेल तेव्हा,4,bigram
परिषद ही,4,bigram
यांच्या नेतृत्वाखाली,4,bigram
व रिलायन्स,4,bigram
मिळवला आहे,4,bigram
शकले नाहीत,4,bigram
निर्मिती करण्यात,4,bigram
काही वर्षांपूर्वी,4,bigram
अनेक संस्था,4,bigram
जानेवारी २०१७,4,bigram
या पेठेत,4,bigram
हा मार्ग,4,bigram
आळंदी येथे,4,bigram
ओळखले जाऊ,4,bigram
आपण त्याला,4,bigram
देवी मंदिर,4,bigram
नाही अशी,4,bigram
मोतीलाल नेहरू,4,bigram
होत असताना,4,bigram
उपयोग होतो,4,bigram
दोन्ही बाजूने,4,bigram
होते या,4,bigram
आणि महात्मा,4,bigram
लोकमान्य टिळक,4,bigram
लागत असे,4,bigram
स्वातंत्र्यपूर्व काळात,4,bigram
असं वाटतं,4,bigram
म्हणजे काय,4,bigram
पासून सुरू,4,bigram
नाशिक मधील,4,bigram
भारतीय क्रिकेट,4,bigram
कोश खंड,4,bigram
येत होते,4,bigram
महात्मा गांधींच्या,4,bigram
स्वातंत्र्य समता,4,bigram
महाविद्यालये आहेत,4,bigram
महाराज यांना,4,bigram
सरदार पटेल,4,bigram
समज आहे,4,bigram
अंतरावर आहे,4,bigram
शकुंतला देवी,4,bigram
प्रसार झाला,4,bigram
या ग्रंथाच्या,4,bigram
जावे लागले,4,bigram
विचार दर्शन,4,bigram
ग्रेटेस्ट इंडियन,4,bigram
द ग्रेटेस्ट,4,bigram
फलंदाजी करणारा,4,bigram
आणि फलंदाजी,4,bigram
व्यक्त केले,4,bigram
आणि तिला,4,bigram
दिल्ली येथे,4,bigram
तर पुढे,4,bigram
केली जातात,4,bigram
आंबेडकर आणि,4,bigram
गांधी विचार,4,bigram
नाहीत पण,4,bigram
आंबेडकरांनी या,4,bigram
नियुक्त केले,4,bigram
पाऊस पडतो,4,bigram
तर हे,4,bigram
खरं तर,4,bigram
बोलताना ते,4,bigram
यांनी लिहिलेल्या,4,bigram
हे माझं,4,bigram
नाही हा,4,bigram
पहिल्या महिला,4,bigram
१९५० रोजी,4,bigram
सेवा उपलब्ध,4,bigram
मुंबई दिल्ली,4,bigram
श्री ज्ञानेश्वर,4,bigram
आणि फक्त,4,bigram
फक्त आणि,4,bigram
असे दोन,4,bigram
करण्याची संधी,4,bigram
तेव्हा त्यांनी,4,bigram
हा सत्याग्रह,4,bigram
भारताच्या इतर,4,bigram
2015 रोजी,4,bigram
समस्यांना जबाबदार,4,bigram
निर्मिती केली,4,bigram
१८ व्या,4,bigram
हे स्वतंत्र,4,bigram
स्वतंत्र मजूर,4,bigram
पुढील प्रमाणे,4,bigram
अशी आहे,4,bigram
होऊ लागली,4,bigram
शिल्पकार की,4,bigram
नेहरू आधुनिक,4,bigram
संत तुकारामांचे,4,bigram
मुंबई उच्च,4,bigram
आणि शेवटी,4,bigram
शकतो आणि,4,bigram
परिवहन महामंडळाच्या,4,bigram
राज्य परिवहन,4,bigram
च्या दशकाच्या,4,bigram
ते पाच,4,bigram
म्हणतात हे,4,bigram
जास्त लोकसंख्या,4,bigram
म्हणून निवडून,4,bigram
२०१६ रोजी,4,bigram
श्री स्वामी,4,bigram
मुघल सम्राट,4,bigram
केलं पाहिजे,4,bigram
महाजन म्हणतात,4,bigram
पुरस्कार केला,4,bigram
सर्व माहिती,4,bigram
संयुक्त राष्ट्र,4,bigram
देवेंद्र फडणवीस,4,bigram
मुख्यमंत्री देवेंद्र,4,bigram
अनेक लहान,4,bigram
निर्माण झाला,4,bigram
या परिसरात,4,bigram
व ते,4,bigram
भाषेचा वापर,4,bigram
फुटबॉल हा,4,bigram
रद्द करण्याचा,4,bigram
दसऱ्याच्या दिवशी,4,bigram
इच्छा होती,4,bigram
सबा करीम,4,bigram
इतिहास आणि,4,bigram
डिसेंबर १९२७,4,bigram
परंपरा आहे,4,bigram
आणि तेही,4,bigram
त्यांचा मुलगा,4,bigram
महालक्ष्मी मंदिर,4,bigram
आणि आता,4,bigram
हा ग्रंथ,4,bigram
अँग्लो इंडियन,4,bigram
लागत नाही,4,bigram
शनिवार पेठ,4,bigram
सोमवार पेठ,4,bigram
गाणे रेकॉर्ड,4,bigram
रंकाळा तलाव,4,bigram
आशियातील सर्वांत,4,bigram
सर्वांत मोठा,4,bigram
हे त्यांच्या,4,bigram
भारत आणि,4,bigram
ते म्हणजे,4,bigram
काम करणाऱ्या,4,bigram
देण्यात आला,4,bigram
२० व्या,4,bigram
संताजी घोरपडे,4,bigram
हार्दिक शुभेच्छा,4,bigram
एक घर,4,bigram
करू शकते,4,bigram
येऊ शकतात,4,bigram
समजली जाते,4,bigram
पेठ ही,4,bigram
आहे जिथे,4,bigram
मोठे शहर,4,bigram
नदीच्या तीरावर,4,bigram
तुम्ही तुमच्या,4,bigram
उल्लेख केला,4,bigram
त्यामुळे या,4,bigram
प्रौद्योगिकी संस्थान,4,bigram
पुस्तक लिहिले,4,bigram
पहिले पंतप्रधान,4,bigram
धर्म अस्पृश्यांना,4,bigram
१ ते,4,bigram
२५ डिसेंबर,4,bigram
घेतले जाते,4,bigram
उत्तर दिलं,4,bigram
होईल असे,4,bigram
करणाऱ्या संघाने,4,bigram
शेवटी फलंदाजी,4,bigram
नगर नाला,4,bigram
29 रोजी,4,bigram
शहर म्हणून,4,bigram
विष्णू दिगंबर,4,bigram
आणि आर्थिक,4,bigram
कदम यांना,4,bigram
जास्त धावा,4,bigram
दिले आहेत,4,bigram
अनेक गोष्टी,4,bigram
या प्रकारच्या,4,bigram
विशेष महत्त्व,4,bigram
राजीनामा दिला,4,bigram
लहान अर्थव्यवस्था,4,bigram
बऱ्याच लहान,4,bigram
खूप गरम,4,bigram
करीत आहे,4,bigram
तर त्याचा,4,bigram
त्यांचा वापर,4,bigram
भारतापेक्षा बऱ्याच,4,bigram
आणि अगदी,4,bigram
जून १९४७,4,bigram
मारले गेले,4,bigram
तो काळ,4,bigram
रमाबाई आंबेडकर,4,bigram
हे पत्रक,4,bigram
केला जाऊ,4,bigram
भालचंद्र नेमाडे,4,bigram
दोन महिने,4,bigram
१९६२ मध्ये,4,bigram
नागरी सन्मान,4,bigram
तयार करण्यासाठी,4,bigram
बहुतेक सर्व,4,bigram
सर्वोच्च नागरी,4,bigram
शहर असून,4,bigram
मिळाले आहेत,4,bigram
शेती केली,4,bigram
भारतापेक्षा चांगलं,4,bigram
रँकिंग भारतापेक्षा,4,bigram
पासपोर्ट रँकिंग,4,bigram
देशांचं पासपोर्ट,4,bigram
क्रिकेट नियामक,4,bigram
हे दोन,4,bigram
असणाऱ्या रवांडा,4,bigram
अर्थव्यवस्था असणाऱ्या,4,bigram
डेक्कन जिमखाना,4,bigram
झाली पाहिजे,4,bigram
11 नोव्हेंबर,4,bigram
अशोक सराफ,4,bigram
च्या दरम्यान,4,bigram
जवळपास संपूर्ण,4,bigram
१६७४ रोजी,4,bigram
हे केवळ,4,bigram
मुंबईत आहेत,4,bigram
मुद्रांक शुल्क,4,bigram
आहे त्या,4,bigram
वसले आहे,4,bigram
निघून गेले,4,bigram
असे वाटते,4,bigram
बौद्ध धम्म,4,bigram
संलग्न आहेत,4,bigram
म्हणून घोषित,4,bigram
आहे त्याचा,4,bigram
आणि सर्व,4,bigram
कीर्तन हे,4,bigram
न ठेवता,4,bigram
जात नाहीत,4,bigram
वर्षे पूर्ण,4,bigram
भाषा मराठी,4,bigram
पसंत करतात,4,bigram
महत्त्वाची भूमिका,4,bigram
वर्षांचे असताना,4,bigram
हे आहे,4,bigram
आहे एक,4,bigram
एक पूर्ण,4,bigram
करण्याची क्षमता,4,bigram
संस्कृती कोश,4,bigram
हे महत्त्वाचे,4,bigram
भारतातील काही,4,bigram
चित्रपट प्रदर्शित,4,bigram
या चित्रपटाच्या,4,bigram
करणार नाही,4,bigram
आलेली आहे,4,bigram
सार्वजनिक जीवनात,4,bigram
संस्कृती मंडळ,4,bigram
राज्य साहित्य,4,bigram
विजय तेंडुलकर,4,bigram
आहेत त्यापैकी,4,bigram
लागले आणि,4,bigram
ते ही,4,bigram
या नावाने ओळखले,4,trigram
प्रश्न आणि त्यांची,4,trigram
परंपरा लाभलेली आहे,4,trigram
आली आणि,4,bigram
या प्रकरणी,4,bigram
मसुदा तयार,4,bigram
महाराष्ट्र हे,4,bigram
होत गेला,4,bigram
नाही तो,4,bigram
तर काय,4,bigram
करत करत,4,bigram
दक्षिण आफ्रिका,4,bigram
कमी झाला,4,bigram
ठेवला होता,4,bigram
पण त्यानंतर,4,bigram
चित्रपट होता,4,bigram
गडी बाद,4,bigram
वापर करता येतो,4,trigram
एक अतिरिक्त चेंडू,4,trigram
ते दोन,4,bigram
होते मात्र,4,bigram
त्यांच्याच शब्दांत,4,bigram
पूजा केली जाते,4,trigram
म्हणले आहे की,4,trigram
होते त्यांना,4,bigram
शुद्ध तृतीया,4,bigram
है तेरा,4,bigram
धर्मशाळा व,4,bigram
हा सण साजरा,4,trigram
पेठ असे नाव,4,trigram
निर्माण झाले,4,bigram
मराठी शब्द,4,bigram
लोकसभा मतदारसंघ,4,bigram
लिमये हे,4,bigram
बोलताना सांगितलं,4,bigram
हे सुद्धा,4,bigram
सर्व प्रकारच्या,4,bigram
आहेत व,4,bigram
आणि भारतातील,4,bigram
अनेक भारतीय,4,bigram
या शहरातील,4,bigram
ही बोली,4,bigram
असे तीन,4,bigram
सुन्या सुन्या,4,bigram
होतं की,4,bigram
जून ते,4,bigram
हे जंगल,4,bigram
आलं आहे,4,bigram
ही पदवी,4,bigram
भारत पाकिस्तान,4,bigram
साजरे होतात,4,bigram
काहीही माहिती,4,bigram
संदर्भांमध्ये काहीही,4,bigram
दिलेल्या संदर्भांमध्ये,4,bigram
मधू लिमये हे,4,trigram
काहीही माहिती नाही,4,trigram
संदर्भांमध्ये काहीही माहिती,4,trigram
त्यांचे बालपण,4,bigram
जारी केले,4,bigram
वाटत होतं,4,bigram
ठेवली होती,4,bigram
काय घडलं,4,bigram
समस्या निर्माण,4,bigram
दिलेल्या संदर्भांमध्ये काहीही,4,trigram
नावाने दिलेल्या संदर्भांमध्ये,4,trigram
करा चुकीचा कोड,4,trigram
उधृत करा चुकीचा,4,trigram
करार रद्द करण्याचा,4,trigram
नाही असा,4,bigram
किल्ला जिंकून,4,bigram
२०२३ रोजी,4,bigram
२ एप्रिल,4,bigram
व त्यांची,4,bigram
इतर काही,4,bigram
आले व,4,bigram
भारतीय स्वातंत्र्य,4,bigram
गाणे रेकॉर्ड केले,4,trigram
आयोजित केले जातात,4,trigram
नावाने दिलेल्या,4,bigram
चुकीचा कोड,4,bigram
करा चुकीचा,4,bigram
लिहिली होती,4,bigram
जतन केले,4,bigram
त्यांचे निधन झाले,4,trigram
निर्माण झालेल्या,4,bigram
व ब्रिटिश,4,bigram
रामदास स्वामी,4,bigram
उपलब्ध होईल,4,bigram
गाणी गायली,4,bigram
शेती ही,4,bigram
होते म्हणून,4,bigram
समोर आली,4,bigram
या प्रमुख,4,bigram
भारतीय व,4,bigram
१९४६ रोजी,4,bigram
घटना परिषदेचे,4,bigram
मला या,4,bigram
एक म्हणजे,4,bigram
रद्द करण्याचा निर्णय,4,trigram
आणि त्याचे,4,bigram
आणि शिवाजी,4,bigram
कलम 6 2,4,trigram
केला जो,4,bigram
करण्यात आलं,4,bigram
दाखल करण्यात,4,bigram
काय काय,4,bigram
हा बदल,4,bigram
अनुवादित मूळ इंग्रजी,4,trigram
म्हणून प्रसिद्ध आहे,4,trigram
तयारी सुरू केली,4,trigram
विजया खोटे,4,bigram
निवडून येण्यासाठी,4,bigram
लालू प्रसाद यादव,4,trigram
15 रोजी मूळ,4,trigram
फक्त आणि फक्त,4,trigram
पेठ असे,4,bigram
अस्पृश्य हे,4,bigram
शिक्षण पूर्ण,4,bigram
सर्वात मोठ्या,4,bigram
आणि तिच्या,4,bigram
केल्या होत्या,4,bigram
गणेश मंदिर,4,bigram
होती ती,4,bigram
बीबीसी मराठी प्रतिनिधी,4,trigram
पुण्यश्लोक अहिल्यादेवी होळकर,4,trigram
सांगितले होते की,4,trigram
म्हणून संबोधले,4,bigram
दिन म्हणून साजरा,4,trigram
1967 च्या कलम,4,trigram
कायदा 1967 च्या,4,trigram
पासपोर्ट कायदा 1967,4,trigram
निवडून आले,4,bigram
सुलभा महाजन,4,bigram
2015 रोजी मूळ,4,trigram
बोलताना ते म्हणाले,4,trigram
लता मंगेशकर यांनी,4,trigram
निर्मिती करण्यात आली,4,trigram
समाधी घेतली,4,bigram
आहे किंवा,4,bigram
राहिले आणि,4,bigram
व बौद्ध,4,bigram
१२ जानेवारी,4,bigram
घेण्यात आली,4,bigram
नगर हवेली,4,bigram
आणि नगर,4,bigram
आणि नामदेव,4,bigram
केल्या आहेत,4,bigram
संशोधन केंद्र,4,bigram
शाहू महाराजांचे,4,bigram
केला तसेच,4,bigram
या नावाचा,4,bigram
देशपांडे यांच्या,4,bigram
नदी ही,4,bigram
सरस्वती नदी,4,bigram
हे महाराष्ट्रातील,4,bigram
प्रमुख भूमिका,4,bigram
पत्र लिहून,4,bigram
मौर्य साम्राज्याची,4,bigram
दमानिया यांनी,4,bigram
नोव्हेंबर १९४८,4,bigram
४ नोव्हेंबर,4,bigram
माधवराव पेशवे,4,bigram
थोरले माधवराव,4,bigram
29 रोजी मूळ,4,trigram
देवनागरी लिपीत,4,bigram
भाषा व,4,bigram
व कवी,4,bigram
१९७० च्या दशकात,4,trigram
हे प्रकरण,4,bigram
करून घेतला,4,bigram
शेती करतात,4,bigram
आहे त्याला,4,bigram
नावे आहेत,4,bigram
सावित्रीबाई फुले,4,bigram
खो खो,4,bigram
व महाराष्ट्रातील,4,bigram
आवश्यक आहे आणि,4,trigram
महाजन म्हणतात की,4,trigram
श्री स्वामी समर्थ,4,trigram
प्रथम श्रेणी क्रिकेटमध्ये,4,trigram
विसोबा खेचर,4,bigram
राजकीय वारस,4,bigram
म्हणून हा,4,bigram
३ एप्रिल,4,bigram
व पश्चिम,4,bigram
द्रुतगती मार्ग,4,bigram
विद्यालय लातूर,4,bigram
पुण्यात आहेत,4,bigram
हे अभंग,4,bigram
असं म्हटलं,4,bigram
तेव्हा त्यांना,4,bigram
मार्च २०१७ रोजी,4,trigram
वैशाख शुद्ध तृतीया,4,trigram
महाराष्ट्र राज्य साहित्य,4,trigram
जोडले गेले आहे,4,trigram
या विषयावर,4,bigram
आणि पहिल्या,4,bigram
आणि तेजस्वी,4,bigram
नेमकं काय,4,bigram
१९५५ मध्ये,4,bigram
केला की,4,bigram
म्हणून त्यांनी,4,bigram
प्रयत्न केला पण,4,trigram
छत्रपती संभाजी महाराजांना,4,trigram
बाद होऊ शकतो,4,trigram
शासकीय वैद्यकीय महाविद्यालय,4,trigram
शक्यता आहे,4,bigram
इत्यादी गोष्टी,4,bigram
विनोबा भावे,4,bigram
व औद्योगिक,4,bigram
टप्पा न पडता,4,trigram
१५ ऑगस्ट १९४७,4,trigram
सर्वोच्च नागरी सन्मान,4,trigram
सामना करावा लागला,4,trigram
की जय,4,bigram
त्यामुळे त्यांना,4,bigram
श्रेणी क्रिकेटमध्ये,4,bigram
शिवाजी महाराजांची,4,bigram
घेतली आणि,4,bigram
सल्ला दिला,4,bigram
मागणी करत,4,bigram
यांचा समावेश आहे,4,trigram
साम्राज्याची स्थापना केली,4,trigram
सांस्कृतिक राजधानी,4,bigram
माहिती आहे,4,bigram
2019 10,4,bigram
तर त्याला,4,bigram
मुख्यमंत्री देवेंद्र फडणवीस,4,trigram
डिसेंबर १९२७ रोजी,4,trigram
छत्रपती राजाराम महाराज,4,trigram
राजेंद्र कदम यांना,4,trigram
समजले जाते,4,bigram
सातारा येथे,4,bigram
मध्ये छत्रपती,4,bigram
आढळून येते,4,bigram
मराठा साम्राज्याचा,4,bigram
इन्टिमसी कोऑर्डिनेटर,4,bigram
उपयुक्त आहे,4,bigram
भारतीय राजकारणी,4,bigram
आहे जसे,4,bigram
वडिलांचे नाव,4,bigram
ती म्हणजे,4,bigram
एक गोष्ट,4,bigram
सुरू झाल्या,4,bigram
शुद्ध द्वितीया,4,bigram
कृष्ण चतुर्दशी,4,bigram
आश्विन कृष्ण,4,bigram
तरी ही,4,bigram
वापर करतात,4,bigram
रामकृपाल यादव,4,bigram
आंतरराष्ट्रीय क्रिकेट,4,bigram
विभागले गेले,4,bigram
प्राचीन काळात,4,bigram
काम असते,4,bigram
का आहे,4,bigram
बाबासाहेब आंबेडकरांच्या,4,bigram
भारताचे शिल्पकार की,4,trigram
नेहरू आधुनिक भारताचे,4,trigram
संत नामदेव हे,4,trigram
जानेवारी २०१७ रोजी,4,trigram
अभ्यास केला होता,4,trigram
गांधी विचार दर्शन,4,trigram
आक्रमण केले व,4,trigram
सर्व समस्यांना जबाबदार,4,trigram
शिल्पकार की आजच्या,4,trigram
नागपूर शहराची,4,bigram
व दक्षिण,4,bigram
अस्पृश्यता निर्मूलन,4,bigram
तयार करण्यात,4,bigram
कौतुक केले,4,bigram
त्यांच्या आई,4,bigram
वैद्यकीय महाविद्यालय,4,bigram
शासकीय वैद्यकीय,4,bigram
महाराष्ट्र राज्यात,4,bigram
रत्नागिरी हे,4,bigram
मार्च १९२७ रोजी,4,trigram
२० मार्च १९२७,4,trigram
राष्ट्रीय संरक्षण,4,bigram
जप्त करण्यात,4,bigram
वापर करता,4,bigram
नाव आहे,4,bigram
न पडता,4,bigram
टप्पा न,4,bigram
भारताच्या सर्वाधिक,4,bigram
कारण ते,4,bigram
दक्षिण आफ्रिकेत,4,bigram
ओळख झाली,4,bigram
एक लोकप्रिय,4,bigram
संयुक्त महाराष्ट्र,4,bigram
घेतला होता,4,bigram
अहिल्याबाई होळकर यांच्या,4,trigram
शिरोली एम,4,bigram
एक विशेष,4,bigram
या लेखात,4,bigram
व्यक्त केली,4,bigram
माध्यमिक शिक्षण मंडळ,4,trigram
शक्यता असेल,4,bigram
ही भारताच्या,4,bigram
काही गोष्टी,4,bigram
आहे परंतु,4,bigram
इंग्लिश मजकूर,4,bigram
टाकावा लागतो,4,bigram
दिली जाते,4,bigram
यांचा वापर करून,4,trigram
कधीच रिस्क घेत,4,trigram
मराठी चित्रपट आहे,4,trigram
एक मराठी चित्रपट,4,trigram
अर्थव्यवस्था असणाऱ्या रवांडा,4,trigram
रँकिंग भारतापेक्षा चांगलं,4,trigram
पासपोर्ट रँकिंग भारतापेक्षा,4,trigram
देशांचं पासपोर्ट रँकिंग,4,trigram
मालिका आहे,4,bigram
केलेली आहे,4,bigram
विकिस्रोत या,4,bigram
असल्याने या,4,bigram
या प्रकरणात,4,bigram
भारताच्या महाराष्ट्र,4,bigram
प्रश्न आणि,4,bigram
परंपरा लाभलेली,4,bigram
धर्म असून,4,bigram
मंदिरे आहेत,4,bigram
गोदावरी नदीच्या,4,bigram
मागणी केली होती,4,trigram
औद्योगिक क्षेत्र,4,bigram
हे फक्त,4,bigram
करण्यास नकार,4,bigram
हे प्रश्न,4,bigram
विजय तेंडुलकरांनी,4,bigram
या गावात,4,bigram
असा एक,4,bigram
पवार यांच्या,4,bigram
व हिंदी,4,bigram
आपल्या भाषणात,4,bigram
झाली नाही,4,bigram
संपूर्ण भारतभर,4,bigram
दोन तीन,4,bigram
टीका केली,4,bigram
अलाहाबाद उच्च,4,bigram
संपूर्ण देशात,4,bigram
आहे तर आहे,3,trigram
या प्रकरणाची,3,bigram
कीर्तन हा,3,bigram
लोकसभा निवडणुकीत,3,bigram
आणि दुसरा,3,bigram
अशी परंपरा,3,bigram
जैन धर्म,3,bigram
प्रांतात आक्रमण केले,3,trigram
सिंध प्रांतात आक्रमण,3,trigram
नितीश कुमार यांचा,3,trigram
द टाइम्स ऑफ,3,trigram
असेल तेव्हा इंग्रजी,3,trigram
तुकाराम महाराज हे,3,trigram
नवीन सदस्यांना मार्गदर्शन,3,trigram
जोडली गेली आहेत,3,trigram
भारतामधील बौद्ध धर्माचा,3,trigram
पाण्यानं अंघोळ करणं,3,trigram
राष्ट्रीय विधी विद्यापीठ,3,trigram
अस्पृश्यांना स्वतंत्र मतदार,3,trigram
केंद्रे आहेत,3,bigram
करण्यात येतो,3,bigram
साजरा करण्यात,3,bigram
ऑफ मॅनेजमेण्ट,3,bigram
इन्स्टिटयूट ऑफ,3,bigram
अनेक पुस्तके,3,bigram
मोठे योगदान,3,bigram
काळातील मराठी,3,bigram
क्षमता आहे,3,bigram
यांनी एक्सवर,3,bigram
विजय कुंभार,3,bigram
कार्यकर्ते विजय,3,bigram
कमीत कमी,3,bigram
भारताच्या मोठ्या,3,bigram
रोजी त्यांना,3,bigram
लांबी व,3,bigram
कोणत्याही दिशेने,3,bigram
अभ्यास करण्यासाठी,3,bigram
या अंतर्गत,3,bigram
देऊ नका,3,bigram
काही जण,3,bigram
१९१८ मध्ये,3,bigram
मुंबई येथे,3,bigram
संकेतस्थळ इंग्लिश,3,bigram
स्थित आहेत,3,bigram
सुनील जोगळेकर,3,bigram
लेखक सुनील,3,bigram
इतिहास लेखक,3,bigram
राज्यकर्त्यांचे वर्चस्व,3,bigram
बाद झाला,3,bigram
धावा आणि,3,bigram
तर काँग्रेसला,3,bigram
पद्धत आहे,3,bigram
या प्रकारात,3,bigram
चित्रपटाचं नाव,3,bigram
या चित्रपटाचं,3,bigram
श्लोक या,3,bigram
जर फलंदाजाने,3,bigram
त्याच बरोबर,3,bigram
तो करार,3,bigram
पूर्वी या,3,bigram
महार जातीच्या,3,bigram
लक्ष्मीकांत प्यारेलाल,3,bigram
संबंधित आहे,3,bigram
सेवांचे उत्पादन,3,bigram
आंबेडकर सामाजिक,3,bigram
जातो तेव्हा,3,bigram
ही या,3,bigram
संविधान सभेत,3,bigram
नाही ती,3,bigram
गेली आहे,3,bigram
पाहिजे असं,3,bigram
उत्तर व,3,bigram
निघून गेला,3,bigram
कोल्हापूर शहर,3,bigram
होते ती,3,bigram
चारवेळा खासदार,3,bigram
महाविद्यालय आहे,3,bigram
आयुर्वेदिक महाविद्यालय,3,bigram
घेतली जातात,3,bigram
आणखी एका,3,bigram
कौस्तुभ कस्तुरे,3,bigram
नाटक लेखक,3,bigram
ते ६०,3,bigram
चेंडूचा टप्पा,3,bigram
यादव यांचे,3,bigram
ग्रामदैवत आहे,3,bigram
ओळखले जातात,3,bigram
सुरू झालं,3,bigram
मोहम्मद अली,3,bigram
आहेत म्हणून,3,bigram
विश्वासराव दाभाडे,3,bigram
अर्थमंत्री विश्वासराव,3,bigram
ते तत्कालीन,3,bigram
महाराष्ट्रातील सर्वात,3,bigram
सरासरी पर्जन्यमान,3,bigram
करून दिले,3,bigram
१० ०००,3,bigram
मात्र त्या,3,bigram
नसतील तर,3,bigram
देत होते,3,bigram
विद्यापीठ हे,3,bigram
पांढरा रस्सा,3,bigram
काही वर्षांत,3,bigram
वाढला आहे,3,bigram
02 रोजी,3,bigram
आणि २०,3,bigram
आश्विन अमावास्या,3,bigram
लक्ष्मीपूजन आश्विन,3,bigram
शकुंतला यांनी,3,bigram
शिक्षण घेतलं,3,bigram
सुरेश भट,3,bigram
पाहायला मिळतं,3,bigram
व रेल्वे,3,bigram
उपयोग करून,3,bigram
उदयास आले,3,bigram
चालू केला,3,bigram
त्या जागी,3,bigram
नाही त्या,3,bigram
झाले असून,3,bigram
शहराच्या मध्यवर्ती,3,bigram
मोठा भूभाग,3,bigram
त्यांचं म्हणणं,3,bigram
आणि सर्वात,3,bigram
शकतो किंवा,3,bigram
एकनाथ शिंदे,3,bigram
आंबेडकर जयंती,3,bigram
भेदभाव न,3,bigram
त्यांनी लोकांना,3,bigram
असे विविध,3,bigram
अंत झाला,3,bigram
व शेवटी,3,bigram
भरभराट झाली,3,bigram
मिळवता आला,3,bigram
विजय मिळवता,3,bigram
चुकीमुळं विभक्त,3,bigram
एका चुकीमुळं,3,bigram
पतीच्या एका,3,bigram
मिळाली पतीच्या,3,bigram
पोटगी मिळाली,3,bigram
सातपट पोटगी,3,bigram
सुटली सातपट,3,bigram
गेली नाही,3,bigram
या सणाला,3,bigram
जर आपण,3,bigram
त्यांना काही,3,bigram
मिळाले व,3,bigram
राज्य नाट्य,3,bigram
अर्थ आहे,3,bigram
जात होती,3,bigram
मराठ्यांची राजधानी,3,bigram
त्यांनी आपले,3,bigram
काँग्रेस पक्षाच्या,3,bigram
नवीन नाव,3,bigram
2015 मध्ये,3,bigram
१९२२ मध्ये,3,bigram
समावेश असतो,3,bigram
करायला सुरुवात,3,bigram
मुक्त केलं,3,bigram
संगणक ह्या,3,bigram
यांनी आंबेडकरांना,3,bigram
समिती स्थापन,3,bigram
एक समिती,3,bigram
अधिक माहिती,3,bigram
पश्चिम महाराष्ट्रातील,3,bigram
काबीज केला,3,bigram
प्रभाव होता,3,bigram
यांची समाधी,3,bigram
सुरू असलेल्या,3,bigram
पासून ते,3,bigram
आर्थिक आणि,3,bigram
भुमी हस्तगत,3,bigram
चेंडूंवर लागोपाठ,3,bigram
सावता माळी,3,bigram
सरासरी तापमान,3,bigram
साथ सुटली,3,bigram
जन्माची साथ,3,bigram
सात जन्माची,3,bigram
त्याच वर्षी,3,bigram
झालं तर,3,bigram
पहिली पत्नी,3,bigram
दिलेली आहे,3,bigram
साली या,3,bigram
प्रभावित झाले,3,bigram
ठाणे जिल्हा,3,bigram
शुद्ध पंचमी,3,bigram
केले ज्यामुळे,3,bigram
ओळखले जाणारे,3,bigram
रामायण महाभारत,3,bigram
महाराज यांचा,3,bigram
महाराज व,3,bigram
शास्त्री यांच्या,3,bigram
तो भाग,3,bigram
म्हणजे ज्या,3,bigram
इतरही अनेक,3,bigram
त्याचा उपयोग,3,bigram
साने गुरुजींच्या,3,bigram
इंग्रजी या,3,bigram
राहू लागले,3,bigram
पानांची यादी,3,bigram
अनुक्रमणिका पानांची,3,bigram
सर्व अनुक्रमणिका,3,bigram
चित्रपट काढला,3,bigram
नावाचा मराठी,3,bigram
हे शास्त्रीय,3,bigram
नारायण जोशी,3,bigram
03 14,3,bigram
गजानन महाराज,3,bigram
बाहेरचे अंग,3,bigram
स्थापन केलं,3,bigram
निकाल लागला,3,bigram
दाखवली होती,3,bigram
भारत मंदिर,3,bigram
अभिनव भारत,3,bigram
पी फॉर,3,bigram
अधिकारी आणि,3,bigram
वर्षी त्यांनी,3,bigram
त्या वर्षी,3,bigram
केंद्रित केले,3,bigram
आणि त्यानंतरच्या,3,bigram
सिद्ध झाले,3,bigram
तयार करता,3,bigram
तक्रार दाखल,3,bigram
असं सांगितलं,3,bigram
करण्यासाठी आहे,3,bigram
Vagus Nerve,3,bigram
की माझा,3,bigram
मग मी,3,bigram
लोकसंख्या असलेले,3,bigram
आणि नवीन,3,bigram
आचार्य अत्रे,3,bigram
बरंच काही,3,bigram
असं म्हणत,3,bigram
भारतातील सर्वात,3,bigram
फलंदाज आणि,3,bigram
तयार झाली,3,bigram
मार्ग परिवहन,3,bigram
राज्य मार्ग,3,bigram
साने गुरुजी,3,bigram
राजाला शह,3,bigram
मारू शकत,3,bigram
हे शक्य,3,bigram
लोकसंख्येच्या प्रमाणात,3,bigram
त्यात त्यांनी,3,bigram
बाळासाहेब ठाकरे,3,bigram
संस्कृती व,3,bigram
महाराजांच्या मृत्यूनंतर,3,bigram
विधानसभा निवडणूक,3,bigram
राजर्षी शाहू,3,bigram
सामान्य आहे,3,bigram
होऊ शकतं,3,bigram
करून ते,3,bigram
ती अशी,3,bigram
नेते बनले,3,bigram
साहित्य हे,3,bigram
पूर्ण सभासद,3,bigram
सेवा पुरवतात,3,bigram
म्हणजे त्यांच्या,3,bigram
माध्यमिक विद्यालय,3,bigram
असलेले महानगर,3,bigram
व धर्मशाळा,3,bigram
घाट व,3,bigram
पूर्वीचे नाव,3,bigram
सांगितली आहे,3,bigram
गणपती हे,3,bigram
माहिती समोर,3,bigram
निलेश घायवळ,3,bigram
हा प्रकल्प,3,bigram
प्रकल्प आहे,3,bigram
करणं योग्य,3,bigram
श्रीकांत मोघे,3,bigram
घातला गेला,3,bigram
ही उपाधी,3,bigram
प्रमुख नद्या,3,bigram
१४ १५,3,bigram
१३ १४,3,bigram
दिसते की,3,bigram
नमूद केले,3,bigram
याची काळजी,3,bigram
फूट उंचीवर,3,bigram
प्रचलित आहे,3,bigram
ही बोलीभाषा,3,bigram
मंदिर व,3,bigram
समर्थ रामदास,3,bigram
या प्रमाणे,3,bigram
साहित्यिक येथे,3,bigram
साहित्यिकांची यादी,3,bigram
सर्व साहित्यिकांची,3,bigram
बनविले आहे,3,bigram
शोध खिडकी,3,bigram
प्रयत्न आहे,3,bigram
माहितीवर प्रक्रिया,3,bigram
वेद प्रताप,3,bigram
कोड बिलाच्या,3,bigram
भारत हे,3,bigram
रुपयांची कमाई,3,bigram
कोटी रुपयांची,3,bigram
हे पहिले,3,bigram
या चार,3,bigram
मी तिला,3,bigram
उपस्थित करतात,3,bigram
प्रश्न निर्माण,3,bigram
माहिती तंत्रज्ञान,3,bigram
1980 च्या,3,bigram
आहेत असं,3,bigram
घेतला जातो,3,bigram
१६७४ मध्ये,3,bigram
पन्हाळा किल्ला,3,bigram
साखर पट्टा,3,bigram
राजकीय नेते,3,bigram
केल्याचा आरोप,3,bigram
कमकुवत केल्याचा,3,bigram
शहरात आहेत,3,bigram
अनेक शाळा,3,bigram
जे जे,3,bigram
लक्षात ठेवा,3,bigram
निवडणूक आयोगाने,3,bigram
२०१७ मध्ये,3,bigram
ही संकल्पना,3,bigram
जुलै 2025,3,bigram
ते १०,3,bigram
या चित्रपटाची,3,bigram
१९२९ मध्ये,3,bigram
प्रताप वैदिक,3,bigram
पेनल्टी कॉर्नर,3,bigram
नाही किंवा,3,bigram
परवानगी नाही,3,bigram
स्वार होऊन,3,bigram
व इंग्रजी,3,bigram
अशी की,3,bigram
पूर्व पश्चिम,3,bigram
अंधेरी पूर्व,3,bigram
निर्माण होत,3,bigram
होऊ शकला,3,bigram
सुन्या मैफलीत,3,bigram
ॲमेझॉनचं जंगल,3,bigram
विष्णू पलुसकर,3,bigram
दत्तात्रेय विष्णू,3,bigram
एक राज्य,3,bigram
नक्की काय,3,bigram
त्यांची राजधानी,3,bigram
हे व्यापारी,3,bigram
सार्वजनिक सुट्टी,3,bigram
एक प्रकारची,3,bigram
असताना त्यांना,3,bigram
साजरे केले,3,bigram
योजना आखली,3,bigram
एक मोठे,3,bigram
करण्याची परवानगी,3,bigram
साहित्य अकादमी,3,bigram
काय होतं,3,bigram
नांदेड हे,3,bigram
व सर्व,3,bigram
संभाजी महाराजांचे,3,bigram
गणपती मंदिर,3,bigram
काँग्रेसचे नेते,3,bigram
महाराज मठ,3,bigram
मुख्य भाषा,3,bigram
अक्षय्य तृतीया,3,bigram
खुशाल ढाक,3,bigram
या सात,3,bigram
भट्ट यांनी,3,bigram
आणण्याचा प्रयत्न,3,bigram
आंबेडकरांनी हिंदू,3,bigram
प्रदर्शित झाला,3,bigram
कारागीर पुरस्कार,3,bigram
वाद्य कारागीर,3,bigram
संस्थेतर्फे वाद्य,3,bigram
गानसंवर्धन संस्थेतर्फे,3,bigram
यांना गानसंवर्धन,3,bigram
एक खास,3,bigram
दोन प्रमुख,3,bigram
पाहायला मिळालं,3,bigram
स्थापन करण्यात,3,bigram
बहाल केली,3,bigram
यात एक,3,bigram
अशी शंका,3,bigram
का अशी,3,bigram
असेल का,3,bigram
नानासाहेब पेशवे,3,bigram
सर्वांत कमी,3,bigram
दिल्या जातात,3,bigram
आर्थिक प्रगती,3,bigram
का शिवाजी,3,bigram
खालिद का,3,bigram
रिटायर्ड आऊट,3,bigram
न होऊ,3,bigram
या जिल्ह्यात,3,bigram
प्रदर्शित झालेला,3,bigram
बीबीसीशी बोलताना,3,bigram
चित्रपट दिग्दर्शक,3,bigram
२४ सप्टेंबर,3,bigram
गुंजन चोक्सी,3,bigram
या किल्ल्यावर,3,bigram
नाशिक येथे,3,bigram
भीमा नदीच्या,3,bigram
वेळ 5,3,bigram
काळात दक्षिण,3,bigram
म्हणून त्यांच्या,3,bigram
की एखाद्या,3,bigram
तीन मुख्य,3,bigram
मिळवून देण्यासाठी,3,bigram
महाराष्ट्र शासनाचे,3,bigram
संघाचा कर्णधार,3,bigram
राजेंद्र प्रसाद,3,bigram
मेजर ध्यानचंद,3,bigram
विचार करत,3,bigram
इंग्रजी मराठी,3,bigram
संभाजी महाराजांचा,3,bigram
समर्थन केले,3,bigram
आणि अस्पृश्य,3,bigram
वापरल्या जाणाऱ्या,3,bigram
करण्याचा प्रस्ताव,3,bigram
आंबेडकरी चळवळ,3,bigram
असून ते,3,bigram
येतात आणि,3,bigram
संगीतबद्ध केलेल्या,3,bigram
पै यांनी,3,bigram
मयुरेश पै,3,bigram
नोव्हेंबर 2012,3,bigram
प्रचलित झाले,3,bigram
स्थान दिले,3,bigram
महाराष्ट्र विहीर,3,bigram
त्याचे साम्राज्य,3,bigram
प्रवेश करण्याचा,3,bigram
मंदिरात प्रवेश,3,bigram
उपयोजित गणित,3,bigram
प्रमुख केंद्र,3,bigram
राजाराम महाराजांनी,3,bigram
जयप्रकाश नारायण,3,bigram
किशोर कुमार,3,bigram
कॅन्सर हॉस्पिटल,3,bigram
गेला नाही,3,bigram
काम पूर्ण,3,bigram
पत्नी होत्या,3,bigram
हे आपल्या,3,bigram
गिरी यांच्या,3,bigram
माया गिरी,3,bigram
जुलै रोजी,3,bigram
वैकुंठाला गेले,3,bigram
जानेवारी १९५०,3,bigram
भारतीय संस्कृतीत,3,bigram
धाकटी बहीण,3,bigram
प्रयत्न करत,3,bigram
यादव यांना,3,bigram
व मध्य,3,bigram
मान्यता दिली,3,bigram
हे विद्यापीठ,3,bigram
आघारकर संशोधन,3,bigram
पुणे शहराच्या,3,bigram
रवी शंकर,3,bigram
24 रोजी,3,bigram
भारताच्या पश्चिम,3,bigram
अशक्य आहे,3,bigram
जर शेवटी,3,bigram
सोमय्या नाला,3,bigram
देवस्थान आहे,3,bigram
प्रसिद्ध होते,3,bigram
वसंतराव नाईक,3,bigram
याचा परिणाम,3,bigram
महाराणी ताराबाई,3,bigram
रचना केली,3,bigram
त्यांच्या राजकीय,3,bigram
तू मी,3,bigram
याचा शोध,3,bigram
मंदिर आणि,3,bigram
तिरप्या दिशेने,3,bigram
यांच्या कार्यालयात,3,bigram
धनाजी जाधव,3,bigram
यशस्वी ठरले,3,bigram
ते यशस्वी,3,bigram
महत्त्व दिले,3,bigram
आणि वेळ,3,bigram
भुईकोट किल्ला,3,bigram
होता असे,3,bigram
दोन घरे,3,bigram
झाल्यावर ते,3,bigram
भारत स्वतंत्र,3,bigram
दिवाळी हा,3,bigram
यश मिळवले,3,bigram
ते एक,3,bigram
आणि भारताच्या,3,bigram
आणि पेशवे,3,bigram
तसेच इतर,3,bigram
सदस्य आणि,3,bigram
ज्या गोष्टी,3,bigram
धर्माचा प्रसार,3,bigram
प्रमाणावर बौद्ध,3,bigram
काळात मोठ्या,3,bigram
माहित होते,3,bigram
स्थापना करण्यात,3,bigram
ज्ञानेश्वर संत,3,bigram
आता हे,3,bigram
कोड बिल,3,bigram
बारा वर्षांनी,3,bigram
संगीतबद्ध केलेली,3,bigram
प्रवास करण्यासाठी,3,bigram
अनेक नाटके,3,bigram
पण मला,3,bigram
हे दोघे,3,bigram
झाला तेव्हा,3,bigram
प्रयत्न झाला,3,bigram
आहे ज्यामुळे,3,bigram
प्रत्येक वेळी,3,bigram
हा किताब,3,bigram
केली जाईल,3,bigram
फडणवीस यांनी,3,bigram
पसरली होती,3,bigram
भारतीय उपखंडात,3,bigram
लहान सहान,3,bigram
महाड येथे,3,bigram
संविधान सभेने,3,bigram
व धार्मिक,3,bigram
मुलगा संभाजी,3,bigram
हा भारतात,3,bigram
क्रिकेट खेळले,3,bigram
मोरया मंगल,3,bigram
होता या,3,bigram
येणार होता,3,bigram
ऑक्टोबर महिन्यात,3,bigram
मार्गदर्शन केले,3,bigram
या प्रसंगी,3,bigram
न बदलता,3,bigram
१४ जून,3,bigram
व उच्च,3,bigram
बाद होतो,3,bigram
येत असे,3,bigram
झाला अशी,3,bigram
यांनी म्हटलंय,3,bigram
शब्द आणि,3,bigram
वद्य त्रयोदशी,3,bigram
मी असं,3,bigram
१९३८ या,3,bigram
दिली व,3,bigram
दिले की,3,bigram
उत्तर दिले,3,bigram
प्रसारक मंडळ,3,bigram
तलाव आहे,3,bigram
ग्रामीण भागात,3,bigram
दोन पडदा,3,bigram
करणारा हा,3,bigram
एम महाजन,3,bigram
डी एम,3,bigram
डॉ डी,3,bigram
अपमानास्पद वागणूक,3,bigram
यांचा पुतळा,3,bigram
मूर्ती मोरया,3,bigram
मंगल मूर्ती,3,bigram
घेता येते,3,bigram
घोषित केला,3,bigram
दोन किंवा,3,bigram
वेगवेगळ्या प्रकारची,3,bigram
गांधी यांच्या,3,bigram
2012 05,3,bigram
कार्यक्रम आयोजित,3,bigram
लेख पहा,3,bigram
उभे राहिले,3,bigram
मिळाली नाही,3,bigram
बंद होते,3,bigram
ते सर्व,3,bigram
मोगलांच्या ताब्यात,3,bigram
या 4,3,bigram
होतो का,3,bigram
त्यांनी केले,3,bigram
होती का,3,bigram
तसेच ते,3,bigram
कर्मयोगी या,3,bigram
औपचारिक शिक्षण,3,bigram
या दिवसाला,3,bigram
परंतु जर,3,bigram
हे त्या,3,bigram
शिंदे हे,3,bigram
सोपे झाले,3,bigram
प्रगती केली,3,bigram
हत्या करण्यात,3,bigram
असे बरेच,3,bigram
शतकाच्या उत्तरार्धातील,3,bigram
जिल्हा म्हणून,3,bigram
रिलीज केला,3,bigram
महाराष्ट्र आणि,3,bigram
शाळाबाह्य मुली,3,bigram
त्याची जागा,3,bigram
दिवाळी अंक,3,bigram
काशीनाथ घाणेकर,3,bigram
राजा परांजपे,3,bigram
फाशीची शिक्षा,3,bigram
न्यायालयाने या,3,bigram
प्राचीन भारतीय,3,bigram
१९२७ च्या,3,bigram
दिग्दर्शन केले,3,bigram
व्हावी म्हणून,3,bigram
गर्दी असते,3,bigram
असून येथे,3,bigram
क्रिकेट खेळतात,3,bigram
अमरिंदर सिंग,3,bigram
कॅप्टन अमरिंदर,3,bigram
ग्रेज इन,3,bigram
काळजीवाहू पंतप्रधान,3,bigram
1971 च्या,3,bigram
उगम पावते,3,bigram
करावी असे,3,bigram
करून ती,3,bigram
संविधान सभेच्या,3,bigram
रोजी संविधान,3,bigram
डॉ मुझम्मिल,3,bigram
सुरुवात करतात,3,bigram
एन पासंट,3,bigram
am Bihar,3,bigram
शिवाजीराजे भोसले,3,bigram
सैन्याचा पराभव,3,bigram
त्यांना आपल्या,3,bigram
हे त्यांना,3,bigram
जेव्हा त्यांनी,3,bigram
आवृत्ती बातम्या,3,bigram
विकिन्युज् इंग्रजी,3,bigram
मरण पावला,3,bigram
षटके टाकू,3,bigram
देशाचे पंतप्रधान,3,bigram
सोलापूर येथे,3,bigram
नोंद आहे,3,bigram
रोजी प्रसिद्ध,3,bigram
जीर्णोद्धार केला,3,bigram
करणे तसेच,3,bigram
सीमा ओलांडून,3,bigram
हा भारताचा,3,bigram
सदस्य होते,3,bigram
प्रदान केली,3,bigram
ॲट लॉ,3,bigram
जन्म दिला,3,bigram
दोन हजार,3,bigram
महेश मांजरेकर,3,bigram
वीणा जामकर,3,bigram
गुन्हेगारी पार्श्वभूमी,3,bigram
जेव्हा जेव्हा,3,bigram
एजन्सीजने म्हटलं,3,bigram
जागा मिळतील,3,bigram
असते त्या,3,bigram
तरुण भारत,3,bigram
प्रत्येक दिवशी,3,bigram
डॉ बाबासाहेब,3,bigram
मग काय,3,bigram
ओळख निर्माण,3,bigram
स्वतःची ओळख,3,bigram
राष्ट्र म्हणून,3,bigram
2018 मध्ये,3,bigram
ब्रिटिश भारतातील,3,bigram
बौद्ध धर्माचे,3,bigram
प्रतिमा कशी,3,bigram
माहिती मिळते,3,bigram
नदीच्या काठावर,3,bigram
मिळाले नाही,3,bigram
काय काळजी,3,bigram
जळगाव जिल्ह्यात,3,bigram
ह्या मार्गावरून,3,bigram
खाल्ले जातात,3,bigram
ऑफ क्रिकेट,3,bigram
झाली आहेत,3,bigram
न्यूजरूमचे प्रकाशन,3,bigram
कलेक्टिव्ह न्यूजरूमचे,3,bigram
सर्वात प्रसिद्ध,3,bigram
ठाणे हे,3,bigram
पार पडला,3,bigram
महुआ मतदारसंघातून,3,bigram
प्रताप यादव,3,bigram
तेज प्रताप,3,bigram
जय भीम,3,bigram
होते हे,3,bigram
उदाहरणे आहेत,3,bigram
वायव्य प्रांत,3,bigram
असा सवाल,3,bigram
कबुली दिली,3,bigram
दूर करण्यासाठी,3,bigram
पहिल्या आणि,3,bigram
की भारत,3,bigram
देऊन सन्मानित,3,bigram
होती तेव्हा,3,bigram
२१ वर्षे,3,bigram
होते त्यांनी,3,bigram
भारताचे पंतप्रधान,3,bigram
१९७२ मध्ये,3,bigram
फाळके यांना,3,bigram
आहे तो,3,bigram
लेखक होते,3,bigram
१२ जून,3,bigram
शुद्ध प्रतिपदेला,3,bigram
अस्पृश्यांना राजकीय,3,bigram
तख्ताचा वाडा,3,bigram
करू नये,3,bigram
या संस्थेची,3,bigram
कॉन्टिनेन्टल प्रकाशन,3,bigram
मे 2025,3,bigram
विद्यापीठे आहेत,3,bigram
घटना समितीच्या,3,bigram
करमचंद गांधी,3,bigram
मोहनदास करमचंद,3,bigram
सत्याचे प्रयोग,3,bigram
माझे सत्याचे,3,bigram
ते पुढे,3,bigram
प्रश्नांची उत्तरं,3,bigram
प्रत्येक खेळाडूच्या,3,bigram
करतील आणि,3,bigram
मराठी सिनेमा,3,bigram
श्रेय दिले,3,bigram
नसतानाही फलंदाज,3,bigram
इमारत आहे,3,bigram
खूप मोठ्या,3,bigram
नेहरू यांनी,3,bigram
घ्यावयाची काळजी,3,bigram
१८८८ मध्ये,3,bigram
हा मराठी,3,bigram
या शहरांशी,3,bigram
घटना घडली,3,bigram
पुरस्कार मिळाले,3,bigram
धुळे भागात,3,bigram
तर दक्षिण,3,bigram
घेऊ शकतात,3,bigram
शिक्षण घेऊ,3,bigram
जाहीर केली,3,bigram
केंद्र सरकारने,3,bigram
एकाच वेळी,3,bigram
आणि आंबेडकर,3,bigram
मान्य करण्यात,3,bigram
रोजी भारताच्या,3,bigram
जुलै १९४७,3,bigram
एकत्र आल्यास,3,bigram
इंडियन एक्सप्रेस,3,bigram
रेल्वे गाड्या,3,bigram
मी कधीच,3,bigram
पत्ता लागत,3,bigram
दुसऱ्या बाजूला,3,bigram
वापरू शकतात,3,bigram
लक्षणीय आहे,3,bigram
होत असलेला,3,bigram
आंबेडकर म्हणाले,3,bigram
एक असा,3,bigram
सहभागी झाला,3,bigram
करण्यासाठी पाठवले,3,bigram
आपले सैन्य,3,bigram
करता येत,3,bigram
नाहीत किंवा,3,bigram
नारदीय कीर्तन,3,bigram
हिंदी चित्रपटगीत,3,bigram
म्हणजे भारतीय,3,bigram
प्रतिष्ठा प्राप्त,3,bigram
सत्यभामाबाई पंढरपूरकर,3,bigram
की याचा,3,bigram
म्हणून ओळखली,3,bigram
महाराष्ट्राची सांस्कृतिक,3,bigram
ही महाराष्ट्राची,3,bigram
राजाराम महाराजांना,3,bigram
आपल्या राजकीय,3,bigram
घेत नाही,3,bigram
काही भागांमध्ये,3,bigram
तो आता,3,bigram
होती असे,3,bigram
मिळवू शकतील,3,bigram
मानली जाते,3,bigram
पहिली आवृत्ती,3,bigram
संविधान दिन,3,bigram
नोव्हेंबर हा,3,bigram
अधिकृत राजभाषा,3,bigram
ही महाराष्ट्र,3,bigram
लोक होते,3,bigram
विकास संस्था,3,bigram
ते निर्णय,3,bigram
घटना समिती,3,bigram
आश्वासन दिले,3,bigram
१९०५ साली,3,bigram
धावा करून,3,bigram
प्रचार आणि,3,bigram
ज्ञान होते,3,bigram
याबाबत सविस्तर,3,bigram
द्वारकानाथ संझगिरी,3,bigram
केली जात,3,bigram
नाटके आणि,3,bigram
हिंदू समाजातील,3,bigram
मिळाला नाही,3,bigram
पुणे व,3,bigram
उच्च न्यायालयाने,3,bigram
५ जुलै,3,bigram
निर्माण केले,3,bigram
महाराष्ट्र शासन,3,bigram
अनुसूचित जाती,3,bigram
परिषदेत भारताला,3,bigram
व त्याचे,3,bigram
जन्म झाला,3,bigram
म्हटलं तर,3,bigram
कन्नड चित्रपट,3,bigram
एक वैशिष्ट्य,3,bigram
रचना आणि,3,bigram
समाविष्ट आहेत,3,bigram
सोलापूर जिल्हा,3,bigram
क्रिकेटचे नियम,3,bigram
शासन निर्णय,3,bigram
नांदेड जिल्ह्यात,3,bigram
राज्य सरकारनं,3,bigram
निर्दोष मुक्त,3,bigram
चर्चेचा विषय,3,bigram
आली तेव्हा,3,bigram
भारतात विविध,3,bigram
कार्बन डायऑक्साईड,3,bigram
त्या त्या,3,bigram
त्यांचे नाव,3,bigram
आढळून येतात,3,bigram
नामदेव चरित्र,3,bigram
लोकशाहीर बशीर,3,bigram
६ ७,3,bigram
बंद करण्यात,3,bigram
पुणे पोलीस,3,bigram
पूर्ण झाली,3,bigram
2 नोव्हेंबर,3,bigram
उंबरठा सिनेमा,3,bigram
सर्वांत जास्त,3,bigram
असे प्रश्न,3,bigram
त्यांचा राजकीय,3,bigram
मान्य केलं,3,bigram
शिक्षण देतात,3,bigram
उपमुख्यमंत्री अजित,3,bigram
या आपल्या,3,bigram
मराठी व,3,bigram
काबीज केले,3,bigram
इतर कोणत्याही,3,bigram
देते आणि,3,bigram
शहरात आहे,3,bigram
आणि तरुण,3,bigram
देखील प्रसिद्ध,3,bigram
आंबेडकर हा,3,bigram
मुंबई महापालिका,3,bigram
करण्यास सुरुवात,3,bigram
१४ व्या,3,bigram
सरदार वल्लभभाई,3,bigram
झालेले नाही,3,bigram
आहे मात्र,3,bigram
मान्य केली,3,bigram
बाबुराव मेहूणकर,3,bigram
मीटर लांब,3,bigram
ओळखल्या जाणाऱ्या,3,bigram
शास्त्र आहे,3,bigram
होऊ शकत,3,bigram
१८५७ मध्ये,3,bigram
महाराष्ट्र राज्याच्या,3,bigram
हैदर अली,3,bigram
राजकारणी आणि,3,bigram
एक भारतीय,3,bigram
असे पण,3,bigram
पाताळेश्वर लेणी,3,bigram
जातात आणि,3,bigram
करायचे असते,3,bigram
बुद्ध जयंतीचे,3,bigram
१९५६ पर्यंत,3,bigram
मध्ये मुंबई,3,bigram
आणि आंध्र,3,bigram
पूजा होते,3,bigram
दशकात लता,3,bigram
या भाषेत,3,bigram
पर्यटनात पर्यटक,3,bigram
समजूत आहे,3,bigram
पुन्हा प्रवेश,3,bigram
च्या रूपात,3,bigram
तर्कशुद्ध विचारसरणी,3,bigram
गुंतागुंतीच्या तर्कशुद्ध,3,bigram
एक उत्तम,3,bigram
इथे येत,3,bigram
लक्षात घ्या,3,bigram
डम्ब टर्मिनल,3,bigram
पुरावा आधारित,3,bigram
मराठी अनुवादक,3,bigram
गांधी आणि,3,bigram
लिखित स्वरूपात,3,bigram
हवेची ठिकाणे,3,bigram
थंड हवेची,3,bigram
२०२२ रोजी,3,bigram
४ ऑक्टोबर,3,bigram
प्रमुख नेते,3,bigram
राष्ट्रीय काँग्रेसमध्ये,3,bigram
कृष्ण गोखले,3,bigram
गोपाळ कृष्ण,3,bigram
तसेच काही,3,bigram
मध्ये त्यांनी,3,bigram
लागले आहे,3,bigram
नाशिक शहर,3,bigram
प्राथमिक विद्यालय,3,bigram
काही काळासाठी,3,bigram
नवले पुलावर,3,bigram
हॉकी विश्वचषक,3,bigram
मान्य केला,3,bigram
हे गाणं,3,bigram
धुळे शहर,3,bigram
केंद्र असून,3,bigram
महाराष्ट्र व,3,bigram
होळकर चौक,3,bigram
यांनी दिली,3,bigram
करणाऱ्या संघातील,3,bigram
मध्ये असलेल्या,3,bigram
मुलगी आहे,3,bigram
स्थानिक राजकारणी,3,bigram
कायदा आणि,3,bigram
देश आहे,3,bigram
माणूस आणि,3,bigram
असे केले,3,bigram
बदल करून,3,bigram
विठाबाई नारायणगावकर,3,bigram
महाराजांनी आपल्या,3,bigram
आले असताना,3,bigram
इतर राज्यातील,3,bigram
मुली आता,3,bigram
भात शेती,3,bigram
व जैन,3,bigram
नऊ दिवस,3,bigram
निवडणूक होती,3,bigram
पहिली निवडणूक,3,bigram
झाले ही,3,bigram
याचा विचार,3,bigram
म्हणून नियुक्ती,3,bigram
शिवाजी विद्यापीठ,3,bigram
आणि माझी,3,bigram
सोसावे लागले,3,bigram
आणि औद्योगिक,3,bigram
आणि त्याचा,3,bigram
राज्य माध्यमिक,3,bigram
ज्यात आंबेडकर,3,bigram
काळात या,3,bigram
वृत्तपत्र सुरू,3,bigram
१९२८ रोजी,3,bigram
जून १९२८,3,bigram
म्हणाले होते,3,bigram
आले तेव्हा,3,bigram
मानवी इतिहासातील,3,bigram
खराब हवामानामुळे,3,bigram
किंवा खराब,3,bigram
आणि राम,3,bigram
सोय आहे,3,bigram
होते जेव्हा,3,bigram
नष्ट झाली,3,bigram
आहे मराठी,3,bigram
नीलकंठ सहस्त्रबुद्धे,3,bigram
गंगाधर नीलकंठ,3,bigram
मोठ्या पदावर,3,bigram
शहातून बाहेर,3,bigram
आणि तिने,3,bigram
आणि कवी,3,bigram
त्यांनी अनेक,3,bigram
19 रोजी,3,bigram
अनेक हिंदू,3,bigram
पुणे महानगरपालिका,3,bigram
काहींच्या मते,3,bigram
होत्या आणि,3,bigram
गांधी यांना,3,bigram
फारच कमी,3,bigram
होणार आहे,3,bigram
पण हा,3,bigram
स्कूल ऑफ,3,bigram
इंडिया कंपनी,3,bigram
अनेक मराठी,3,bigram
म्हणूनही ओळखले,3,bigram
झाला असे,3,bigram
मराठी भाषेचा,3,bigram
एक लाख,3,bigram
व्यायाम प्रसारक,3,bigram
हनुमान व्यायाम,3,bigram
जाऊ नये,3,bigram
विधानसभा मतदारसंघ,3,bigram
लाल किल्ला,3,bigram
यांच्याशी संबंधित,3,bigram
गणित हे,3,bigram
शिवाजी महाराजांवर,3,bigram
१६६० मध्ये,3,bigram
दहशतवादी हल्ला,3,bigram
मुसलमान समाजाकडून,3,bigram
भर पडत,3,bigram
भेट दिली,3,bigram
12 रोजी,3,bigram
येथे एक,3,bigram
वारकरी कीर्तन,3,bigram
१९ व्या,3,bigram
दैवत आहे,3,bigram
हे महाराष्ट्राचे,3,bigram
लोकप्रिय खेळ,3,bigram
शाहू आंबेडकर,3,bigram
द्रावणाची तीव्रता,3,bigram
अतिशय वेगाने,3,bigram
शाळा आणि,3,bigram
पण निकाल,3,bigram
पहिल्या दिवशी,3,bigram
दूर असलेल्या,3,bigram
नाव होते,3,bigram
बुधवार पेठ,3,bigram
हे सगळे,3,bigram
निळू फुले,3,bigram
च्या आसपास,3,bigram
मुख्य उद्देश,3,bigram
भाषणे दिली,3,bigram
उत्तर भारतातील,3,bigram
करणे आणि,3,bigram
पहायला मिळतात,3,bigram
येत आहे,3,bigram
होती यामुळे,3,bigram
एक वर्षानंतर,3,bigram
म्हटले आहे,3,bigram
चेंडू हाताळणे,3,bigram
आणि एका,3,bigram
वाटत असेल,3,bigram
यांच्या स्मरणार्थ,3,bigram
नावावर आहे,3,bigram
त्यांच्या नावावर,3,bigram
यादी आहे,3,bigram
केंद्रशासित प्रदेश,3,bigram
साली एका,3,bigram
येऊ लागले,3,bigram
शिकवले होते,3,bigram
ऑल इंडिया,3,bigram
गेली तर,3,bigram
धर्म हे,3,bigram
भारत सरकार,3,bigram
रंग लावून,3,bigram
गप्पा मारल्या,3,bigram
कुमार सांगतात,3,bigram
यांच्या या,3,bigram
शकतो त्याला,3,bigram
प्रयत्न करू,3,bigram
नाही तरीही,3,bigram
रोजी त्यांचे,3,bigram
१७ ऑगस्ट,3,bigram
सर्वात महत्त्वाची,3,bigram
करावी लागली,3,bigram
तर तुम्ही,3,bigram
याचा अर्थ,3,bigram
करत आहोत,3,bigram
हैदराबाद संस्थानात,3,bigram
आहेत असे,3,bigram
आणि असे,3,bigram
त्या म्हणतात,3,bigram
हेल्थ क्लबचा,3,bigram
300 कोटी,3,bigram
सर्वात वर,3,bigram
असते असे,3,bigram
प्रक्रिया घडवून,3,bigram
प्रोत्साहन दिले,3,bigram
लंडन स्कूल,3,bigram
१९२० रोजी,3,bigram
पुरस्कार दिला,3,bigram
शिवाय या,3,bigram
मान आणि,3,bigram
अमेरिका आणि,3,bigram
आहेत त्यांना,3,bigram
देत आहेत,3,bigram
भारतीय संस्कृतीने,3,bigram
राहिला आहे,3,bigram
झाले नाहीत,3,bigram
यशस्वी झाले,3,bigram
करत नाही,3,bigram
सहभागी होण्यासाठी,3,bigram
आणि पुणे,3,bigram
बंदर असून,3,bigram
करतात की,3,bigram
नावानेही ओळखले,3,bigram
काळाच्या ओघात,3,bigram
असती तर,3,bigram
सरदार होते,3,bigram
असं वाटलं,3,bigram
कार्यालये आहेत,3,bigram
रुग्णालयात दाखल,3,bigram
करायला भाग,3,bigram
पण जेव्हा,3,bigram
विभाग आहेत,3,bigram
१९२० मध्ये,3,bigram
झाला नाही,3,bigram
जाहीर केलं,3,bigram
हिंदी गुजराती,3,bigram
आहे त्यासाठी,3,bigram
आल्या होत्या,3,bigram
सुरू झाल्यावर,3,bigram
धावा करणे,3,bigram
प्रकाशन संस्था,3,bigram
चुकीचं आहे,3,bigram
ही भूमिका,3,bigram
उद्धव ठाकरेंच्या,3,bigram
असे नाही,3,bigram
भारताला स्वातंत्र्य,3,bigram
नॅशनल सेंटर,3,bigram
रासायनिक प्रयोगशाळा,3,bigram
राष्ट्रीय रासायनिक,3,bigram
ठरले आहेत,3,bigram
ट्रम्प यांना,3,bigram
चार अपत्ये,3,bigram
जाहीर करून,3,bigram
असं का,3,bigram
मराठी असेल,3,bigram
हॉटेल ला,3,bigram
उत्तर सोलापूर,3,bigram
अजरामर झाली,3,bigram
पक्ष स्थापन,3,bigram
महाराष्ट्र राज्याचा,3,bigram
साम्राज्ये उदयास,3,bigram
केली तरी,3,bigram
भारतात विलीन,3,bigram
सोलापूर शहरात,3,bigram
१९३१ मध्ये,3,bigram
आहेत हे,3,bigram
प्रयोग झाले,3,bigram
करावी लागते,3,bigram
गेले नाही,3,bigram
भारताचे स्वातंत्र्य,3,bigram
डाव्या बाजूला,3,bigram
विलीन झाले,3,bigram
त्याचे नाव,3,bigram
आरोपाखाली अटक,3,bigram
नावावर असलेल्या,3,bigram
प्रत्येक डावात,3,bigram
शारीरिक जवळीक,3,bigram
समृद्ध आहे,3,bigram
प्रतीक आहे,3,bigram
पवार यांनी,3,bigram
अंदाज होता,3,bigram
काँग्रेस आणि,3,bigram
आहेत त्या,3,bigram
करण्यास सांगितले,3,bigram
फलाह चॅरिटेबल,3,bigram
सिद्दीकी हे,3,bigram
अपत्ये झाली,3,bigram
त्यांना दोन,3,bigram
यांनी सांगितलं,3,bigram
नवी दिल्ली,3,bigram
सेवा केली,3,bigram
महाराष्ट्र शासनाच्या,3,bigram
होळी साजरी,3,bigram
कवठेकर यांनी,3,bigram
लावणी कवी,3,bigram
हे जाणून,3,bigram
अधिक धावा,3,bigram
आंतरराष्ट्रीय सर्वेक्षणामध्ये,3,bigram
या आंतरराष्ट्रीय,3,bigram
इंडियन या,3,bigram
इंडियाच्या द,3,bigram
आऊटलुक इंडियाच्या,3,bigram
झालेल्या आऊटलुक,3,bigram
आहे त्यात,3,bigram
पार पडलेल्या,3,bigram
काम करणे,3,bigram
जवळजवळ सर्व,3,bigram
सुरू करून,3,bigram
बहाल करण्यात,3,bigram
ज्येष्ठ पत्रकार,3,bigram
चोर पोलीस,3,bigram
स्वप्न होतं,3,bigram
नंतर त्यांनी,3,bigram
डॉ शाहीन,3,bigram
होत जाते,3,bigram
पंडित गोविंदराव,3,bigram
समता बंधुता,3,bigram
समर्थक होते,3,bigram
पटेल हे,3,bigram
करत होती,3,bigram
भारतीय संविधानाच्या,3,bigram
मराठी हिंदी,3,bigram
जाहीर करण्यात,3,bigram
असतो तेव्हा,3,bigram
जेव्हा फलंदाज,3,bigram
झालेल्या पहिल्या,3,bigram
दुसरी आवृत्ती,3,bigram
मी या,3,bigram
स्थायिक झाले,3,bigram
आयोजित केली,3,bigram
शहरी भागात,3,bigram
असे मत,3,bigram
प्रदर्शित होऊ,3,bigram
का हा,3,bigram
भारत या,3,bigram
श्री ज्ञानदेव,3,bigram
काळाराम मंदिराच्या,3,bigram
पहिला बाजीराव,3,bigram
पीएमजीपी नाला,3,bigram
आणि हा,3,bigram
ची निर्मिती,3,bigram
विधी विद्यापीठ,3,bigram
राष्ट्रीय विधी,3,bigram
नागपूर मध्ये,3,bigram
मुंबई इंडियन्स,3,bigram
म्हणतात अनेक,3,bigram
देवी अहिल्या,3,bigram
शिक्षणाची सोय,3,bigram
होता तर,3,bigram
व भारतात,3,bigram
अस्पृश्यांना स्वतंत्र,3,bigram
फक्त मराठी,3,bigram
आहे फक्त,3,bigram
कळवळा होता,3,bigram
सती गेली,3,bigram
तयार होत,3,bigram
वेस्ट इंडीज,3,bigram
व्यक्त करतात,3,bigram
होती असं,3,bigram
सरकार स्थापन,3,bigram
बुद्धी व,3,bigram
दहा दिवस,3,bigram
व एक,3,bigram
अटक केली,3,bigram
अंघोळ करणं,3,bigram
लयाला गेली,3,bigram
होत असलेल्या,3,bigram
माणदेशी माणसे,3,bigram
व जुने,3,bigram
निर्धारित षटके,3,bigram
शांता शेळके,3,bigram
सदस्यांना मार्गदर्शन,3,bigram
नवीन सदस्यांना,3,bigram
सभासद म्हणून,3,bigram
कमी अधिक,3,bigram
शकत असे,3,bigram
स्वतःचा मुलगा,3,bigram
जोडली गेली,3,bigram
तसेच त्यांना,3,bigram
नाही मी,3,bigram
यांच्या नावाने,3,bigram
संपूर्ण माहिती,3,bigram
तीन सदस्यांनी,3,bigram
आव्हान दिले,3,bigram
भारतामधील बौद्ध,3,bigram
ती म्हणते,3,bigram
भेट घेतली,3,bigram
न्यू यॉर्क,3,bigram
व गांधी,3,bigram
होतो पण,3,bigram
बदल केले,3,bigram
त्यामुळे हा,3,bigram
व शीख,3,bigram
एक प्रकार,3,bigram
झाले तर,3,bigram
सिंधू संस्कृती,3,bigram
चौकशी करावी,3,bigram
बंद केले,3,bigram
2022 मध्ये,3,bigram
नेमका काय,3,bigram
बिहारमध्ये प्रचार,3,bigram
हॉकी हा,3,bigram
सैन्यावर हल्ला,3,bigram
प्रथम वर्गीय,3,bigram
येणारा परिसर,3,bigram
हद्दीमध्ये येणारा,3,bigram
योग्य ठिकाणी,3,bigram
फार काळ,3,bigram
हा कलाप्रकार,3,bigram
केलेली असते,3,bigram
पुत्र होते,3,bigram
बाजारपेठ आहे,3,bigram
त्यामुळे येथे,3,bigram
इंग्लिश स्कूल,3,bigram
१९२० च्या,3,bigram
लागली आहे,3,bigram
मुंबई आग्रा,3,bigram
संयुक्त सोशालिस्ट,3,bigram
सोशालिस्ट पार्टी,3,bigram
इंग्रज सरकारने,3,bigram
पेठ वसविली,3,bigram
हे सण,3,bigram
सर्वांत जुना,3,bigram
भारताच्या प्रमुख,3,bigram
घातले जाते,3,bigram
१ मे,3,bigram
एके दिवशी,3,bigram
जमले नाही,3,bigram
आपले विचार,3,bigram
प्रोसेसिंग युनिट,3,bigram
तो क्षण,3,bigram
म्हणतात मी,3,bigram
१९६१ मध्ये,3,bigram
एका मुलाखतीत,3,bigram
ठरू शकते,3,bigram
परिषदेत सहभागी,3,bigram
आधारित आहे,3,bigram
आता अनेक,3,bigram
दिला व,3,bigram
पण त्यांना,3,bigram
हुतात्मा चौक,3,bigram
जगद्गुरू तुकाराम,3,bigram
श्री शिवाजी,3,bigram
करायला आणि,3,bigram
घर सोडून,3,bigram
15 मीटर,3,bigram
पण नंतर,3,bigram
नाहीत हे,3,bigram
स्थापन झाली,3,bigram
ही जगातील,3,bigram
आणि मराठीत,3,bigram
सावत्र आई,3,bigram
या वेळी,3,bigram
खेळवले जातात,3,bigram
महाराष्ट्र कर्नाटक,3,bigram
भारताचे पहिले,3,bigram
सिंध प्रांतात,3,bigram
अस्पृश्यांना मंदिरात,3,bigram
कुमार यांचा,3,bigram
होते त्यामुळे,3,bigram
ते ५,3,bigram
काही प्रमाणात,3,bigram
द टाइम्स,3,bigram
सन २०१६,3,bigram
तेव्हा इंग्रजी,3,bigram
विजया जयवंत,3,bigram
प्रगती झाली,3,bigram
उत्साहाने साजरा,3,bigram
स्थापन झालेल्या,3,bigram
मध्ये नाशिक,3,bigram
घटकांचे प्रमाण,3,bigram
क्रियाशील घटकांचे,3,bigram
१२ १३,3,bigram
कोल्हापूर बसस्थानकापासून,3,bigram
अस्तित्वात नाही,3,bigram
प्रजासत्ताक दिन,3,bigram
महत्त्व प्राप्त,3,bigram
पुढे गेली,3,bigram
यांना पत्र,3,bigram
ते २,3,bigram
दिलेल्या वृत्तानुसार,3,bigram
पीटीआयने दिलेल्या,3,bigram
प्रांतात आक्रमण,3,bigram
पासपोर्ट मिळवला,3,bigram
पासपोर्ट जारी,3,bigram
माहिती पुढीलप्रमाणे,3,bigram
सण आहे,3,bigram
प्रश्नाचं उत्तर,3,bigram
या प्रश्नाचं,3,bigram
बराच काळ,3,bigram
यांच्याशी चर्चा,3,bigram
भारताच्या भावी,3,bigram
हात पाय,3,bigram
एक भक्ती,3,bigram
कीर्तन ही,3,bigram
आस्था खन्ना,3,bigram
अगदी सहज,3,bigram
आहे तेथे,3,bigram
अस्पृश्य लोक,3,bigram
अली जिना,3,bigram
हिंसाचार आणि,3,bigram
१९४७ च्या,3,bigram
तर मी,3,bigram
ऑपरेटिंग सिस्टिम,3,bigram
मणिकांत ठाकूर,3,bigram
का या,3,bigram
पत्नी रमाबाई,3,bigram
नियामक मंडळ,3,bigram
गरजेचे असते,3,bigram
घेऊ नये,3,bigram
ही पोस्ट,3,bigram
सूचित करतात,3,bigram
चाल केली,3,bigram
२१ व्या,3,bigram
ते लोक,3,bigram
हिंदू बौद्ध,3,bigram
प्रश्न विचारले,3,bigram
की येथे,3,bigram
या ग्रंथाचे,3,bigram
होऊ लागला,3,bigram
अलीकडच्या काळात,3,bigram
न घेता,3,bigram
रवांडा घानासारख्या,3,bigram
हे निश्चित,3,bigram
दक्षिण भारताच्या,3,bigram
सुंदर आणि,3,bigram
दोन फलंदाज,3,bigram
संत चोखोबा,3,bigram
भारतात आले,3,bigram
साम्राज्याचे पेशवे,3,bigram
मुस्लिम लीगच्या,3,bigram
शुद्ध एकादशी,3,bigram
रेकॉर्ड केली,3,bigram
गाणी रेकॉर्ड,3,bigram
तांबडा रस्सा,3,bigram
असते व,3,bigram
प्रकार पडतात,3,bigram
बनले आहे,3,bigram
एक खोली,3,bigram
शालेय शिक्षण,3,bigram
राजा हरिश्चंद्र,3,bigram
रहावीत यासाठी,3,bigram
चांगलं का,3,bigram
घानासारख्या देशांचं,3,bigram
हे देशातील,3,bigram
दिसून येतात,3,bigram
आणि जैन,3,bigram
जागा आहे,3,bigram
१९५६ रोजी,3,bigram
डिसेंबर १९५६,3,bigram
नोव्हेंबर १९३१,3,bigram
आहे मला,3,bigram
परतले आणि,3,bigram
ही भेट,3,bigram
उपलब्ध नाही,3,bigram
यांच्या हस्ते,3,bigram
सर्वबाद झाला,3,bigram
सरकारी कामात,3,bigram
मुंबई ही,3,bigram
च्या बिहार,3,bigram
हे आपण,3,bigram
करणं हे,3,bigram
त्या वेळेस,3,bigram
उपलब्ध करून,3,bigram
गेले असता,3,bigram
नागपूर शहर,3,bigram
होऊ शकले,3,bigram
मात्र हे,3,bigram
की पुढील,3,bigram
आणि त्यानुसार,3,bigram
या संदर्भात,3,bigram
त्यांचा विवाह,3,bigram
हजार लोक,3,bigram
ऑस्कर पुरस्कार,3,bigram
अमरावती हे,3,bigram
नावाची एक,3,bigram
जाहीर केला,3,bigram
पीएम किसान,3,bigram
कसा घ्यायचा,3,bigram
ज्ञानेश्वर उद्यान,3,bigram
हा पुरस्कार,3,bigram
बदल झाला,3,bigram
विद्यापीठाशी संलग्न,3,bigram
काळात मुंबई,3,bigram
एकूण लोकसंख्या,3,bigram
होता तेव्हा,3,bigram
असं म्हणणं,3,bigram
बोली भाषा,3,bigram
पण तिच्या,3,bigram
काही वर्षात,3,bigram
बऱ्याच ठिकाणी,3,bigram
घेऊन जातात,3,bigram
झालेली होती,3,bigram
ब्रिटिश काळात,3,bigram
२ ३,3,bigram
झाली असे,3,bigram
असलेले शहर,3,bigram
अशा प्रकारचा,3,bigram
लिहितात की,3,bigram
खानाचे सैन्य,3,bigram
येऊ नये,3,bigram
मिळत असे,3,bigram
प्रसिद्ध झाला,3,bigram
काय वाटतं,3,bigram
आहे त्याचे,3,bigram
विचारला होता,3,bigram
त्यांना त्या,3,bigram
सत्याग्रह केला,3,bigram
क्रमांक लागतो,3,bigram
पुण्यात अनेक,3,bigram
आहेत त्यामुळे,3,bigram
तर आहे,3,bigram
पुढे काय,3,bigram
स्तर 2,3,bigram
ISCED स्तर,3,bigram
ही भारतीय,3,bigram
त्याची पत्नी,3,bigram
याचा उपयोग,3,bigram
होऊ शकतात,3,bigram
२०१३ मध्ये,3,bigram
त्यांची हत्या,3,bigram
ते ऑक्टोबर,3,bigram
दंत महाविद्यालय,3,bigram
अपयश आले,3,bigram
सध्या सुरू,3,bigram
13 रोजी,3,bigram
तर अशा,3,bigram
रोजी त्यांनी,3,bigram
जम्मू आणि,3,bigram
अनेक जाती,3,bigram
आझाद हिंद,3,bigram
अधिकृत भाषा,3,bigram
यांचा उल्लेख,3,bigram
अनेक राष्ट्रीय,3,bigram
शकत नाहीत,3,bigram
सुभाषचंद्र बोस,3,bigram
राजवाडे यांना,3,bigram
लक्ष्मी नारायण,3,bigram
बरोबर आहे,3,bigram
मुंबई राज्य,3,bigram
भाषा बोलली,3,bigram
होती ते,3,bigram
दिवाळी साजरी,3,bigram
१९१२ रोजी,3,bigram
यांचे पुत्र,3,bigram
अध्यक्ष होते,3,bigram
गोलमेज परिषदेत,3,bigram
पहिल्या गोलमेज,3,bigram
विठ्ठलपंत कुलकर्णी,3,bigram
यांचे नाव,3,bigram
विन्स्टन चर्चिल,3,bigram
जिल्ह्याचे प्रशासकीय मुख्यालय,3,trigram
असे नाव पडले,3,trigram
नावाने ओळखले जाते,3,trigram
धर्म असून या,3,trigram
यांनी साकारली आहे,3,trigram
सादर केलेल्या,3,bigram
खेळ म्हणून,3,bigram
अर्जदाराने सादर,3,bigram
वाढत गेला,3,bigram
दिलं आणि,3,bigram
दाखवून दिलं,3,bigram
कशा प्रकारे,3,bigram
जब्बार पटेलांनी,3,bigram
2012 रोजी मूळ,3,trigram
राष्ट्रीय संरक्षण प्रबोधिनी,3,trigram
चेंडू टाकावा लागतो,3,trigram
अतिरिक्त चेंडू टाकावा,3,trigram
लिमिटेड शिरोली एम,3,trigram
खंड १ २,3,trigram
१६३६ मध्ये,3,bigram
शेती आणि,3,bigram
पहिला मराठी,3,bigram
येथे श्री,3,bigram
रोजी दादासाहेब,3,bigram
आले की,3,bigram
त्यानंतर आम्ही,3,bigram
दशकाच्या उत्तरार्धात,3,bigram
हल्ला केला व,3,trigram
बौद्ध धर्माचा स्वीकार,3,trigram
कवी बशीर मोमीन,3,trigram
लेखक व कवी,3,trigram
इन्स्टिट्यूट ऑफ टेक्नॉलॉजी,3,trigram
१७ व्या शतकात,3,trigram
लाल बहादूर शास्त्री,3,trigram
ओळखले जात असे,3,trigram
बाबासाहेब आंबेडकर हे,3,trigram
नाव दाखल केले,3,trigram
भीमरावाचे नाव दाखल,3,trigram
आहे का हे,3,trigram
पुणे शहरात,3,bigram
नाशिक शहरात,3,bigram
स्वीकारण्यात आले,3,bigram
झाला की,3,bigram
धर्म व,3,bigram
लागोपाठ 6,3,bigram
सांगायचं तर,3,bigram
बौद्ध धर्म स्वीकारला,3,trigram
बाबासाहेब आंबेडकर यांनी,3,trigram
पाण्यानं अंघोळ केली,3,trigram
म्हणून संबोधले जाते,3,trigram
सण साजरा केला,3,trigram
आणि नगर हवेली,3,trigram
दादरा आणि नगर,3,trigram
थोरले माधवराव पेशवे,3,trigram
म्हणून आम्ही,3,bigram
पुढे गेल्यावर,3,bigram
करु लागले,3,bigram
खांडेकर यांच्या,3,bigram
सादर केली,3,bigram
साली त्यांनी,3,bigram
तीन वेळा,3,bigram
तज्ज्ञ काय,3,bigram
का जाणून,3,bigram
लागोपाठ 6 षटकार,3,trigram
जतन केले गेले,3,trigram
का जाणून घ्या,3,trigram
परिषदेचे सदस्य म्हणून,3,trigram
घटना परिषदेचे सदस्य,3,trigram
मुख्यमंत्री जिवाजीराव शिंदे,3,trigram
भारताच्या स्वातंत्र्याच्या,3,bigram
होते ज्यांनी,3,bigram
१२ डिसेंबर,3,bigram
बांधली गेली,3,bigram
परिषदेचे सदस्य,3,bigram
जिवाजीराव शिंदे,3,bigram
मुख्यमंत्री जिवाजीराव,3,bigram
चेंडू यष्ट्यांवर,3,bigram
होऊन गेले,3,bigram
करण्यात आली होती,3,trigram
हद्दीमध्ये येणारा परिसर,3,trigram
छत्रपती राजाराम महाराजांच्या,3,trigram
क्रियाशील घटकांचे प्रमाण,3,trigram
क्रिकेट नियामक मंडळ,3,trigram
ISCED स्तर 2,3,trigram
पहिला मराठी चित्रपट,3,trigram
किंवा त्यांच्या,3,bigram
मोरया गोसावी,3,bigram
त्यातील काही,3,bigram
म्हणून उपयोग,3,bigram
धर्म स्वीकारला,3,bigram
यांनी आपल्या,3,bigram
अवलंबून असते,3,bigram
आता पुन्हा,3,bigram
आजही लोकप्रिय,3,bigram
थोरल्या बाजीरावांची,3,bigram
श्री संत तुकाराम,3,trigram
आहे आणि ते,3,trigram
सुरू करण्यात आले,3,trigram
मोमीन कवठेकर यांनी,3,trigram
१८ व्या शतकात,3,trigram
आणि फक्त मराठी,3,trigram
यांचे वडील,3,bigram
करून घेतले,3,bigram
पोलिसांना सांगितलं,3,bigram
एका विशिष्ट,3,bigram
नदीच्या खोऱ्यात,3,bigram
या शब्दाची,3,bigram
यांच्या नेतृत्वाखालील,3,bigram
नेहरू आणि,3,bigram
म्हणून ओळखल्या जाणाऱ्या,3,trigram
होऊ शकत नाही,3,trigram
थंड हवेची ठिकाणे,3,trigram
झाली आहे आणि,3,trigram
जास्त गरम पाणी,3,trigram
गंगाधर नीलकंठ सहस्त्रबुद्धे,3,trigram
करत होत्या,3,bigram
केली पाहिजे,3,bigram
अंघोळ केली,3,bigram
थंड पाण्यानं,3,bigram
तिची पूजा,3,bigram
बांधण्यात आली,3,bigram
या निमित्ताने,3,bigram
हे दोन्ही,3,bigram
भारताचे पंतप्रधान म्हणून,3,trigram
मोहनदास करमचंद गांधी,3,trigram
माझे सत्याचे प्रयोग,3,trigram
तयार केला आणि,3,trigram
करता येत नाही,3,trigram
हिंदी चित्रपटगीत चित्रपट,3,trigram
प्रतिष्ठा प्राप्त करून,3,trigram
नाटक अकादमी पुरस्कार,3,trigram
उपमुख्यमंत्री अजित पवार,3,trigram
लोकशाहीर बशीर मोमीन,3,trigram
विपरीत परिणाम,3,bigram
चालू ठेवले,3,bigram
काळात त्यांनी,3,bigram
दादरा आणि,3,bigram
मंगळवार पेठ,3,bigram
१९४७ मध्ये,3,bigram
आहे ही,3,bigram
होती हे,3,bigram
विकिन्युज् इंग्रजी आवृत्ती,3,trigram
आहे हे समजून,3,trigram
योग्य आहे का,3,trigram
कामगिरी केली आहे,3,trigram
आंबेडकर राष्ट्रीय स्मारक,3,trigram
कलेक्टिव्ह न्यूजरूमचे प्रकाशन,3,trigram
बीबीसीसाठी कलेक्टिव्ह न्यूजरूमचे,3,trigram
राज ठाकरे यांनी,3,trigram
तेज प्रताप यादव,3,trigram
जानेवारी इ,3,bigram
नाही तोपर्यंत,3,bigram
धर्माचा स्वीकार,3,bigram
१९४८ रोजी,3,bigram
आपल्या मुलांना,3,bigram
केला जात,3,bigram
करून घेतली,3,bigram
मोरया मंगल मूर्ती,3,trigram
बाप्पा मोरया मंगल,3,trigram
कॅप्टन अमरिंदर सिंग,3,trigram
देण्यात आली होती,3,trigram
स्वीकार केला होता,3,trigram
१९४७ रोजी संविधान,3,trigram
इंग्रजी आवृत्ती बातम्या,3,trigram
अशा ठिकाणी,3,bigram
आहे अशा,3,bigram
प्रमाण कमी,3,bigram
पावसाचे प्रमाण,3,bigram
व मराठी,3,bigram
भाषा संस्कृत,3,bigram
कवी बशीर,3,bigram
लेखक व,3,bigram
आहे असे दिसते,3,trigram
दक्षिण भारतात या,3,trigram
बौद्ध धर्माचा प्रसार,3,trigram
मोठ्या प्रमाणावर बौद्ध,3,trigram
काळात मोठ्या प्रमाणावर,3,trigram
या काळात मोठ्या,3,trigram
स्थापना करण्यात आली,3,trigram
माध्यमिक व उच्च,3,trigram
एम महाजन म्हणतात,3,trigram
डी एम महाजन,3,trigram
डॉ डी एम,3,trigram
मंगल मूर्ती मोरया,3,trigram
नाही याची काळजी,3,trigram
ऑफ टेक्नॉलॉजी,3,bigram
केलेले आहे,3,bigram
हे संत,3,bigram
काम हे,3,bigram
होता असं,3,bigram
संगणक टंक,3,bigram
औरंगजेबच्या मृत्यूनंतर,3,bigram
हे छत्रपती शिवाजी,3,trigram
दत्तात्रेय विष्णू पलुसकर,3,trigram
तर काही ठिकाणी,3,trigram
आणि संस्कृती मंडळ,3,trigram
साहित्य आणि संस्कृती,3,trigram
राज्य साहित्य आणि,3,trigram
का अशी शंका,3,trigram
जर शेवटी फलंदाजी,3,trigram
आणि ह्या,3,bigram
बहादूर शास्त्री,3,bigram
लाल बहादूर,3,bigram
पोटगी मिळाली पतीच्या,3,trigram
सातपट पोटगी मिळाली,3,trigram
सुटली सातपट पोटगी,3,trigram
साथ सुटली सातपट,3,trigram
जन्माची साथ सुटली,3,trigram
सात जन्माची साथ,3,trigram
करणे आवश्यक आहे,3,trigram
उपस्थित केला आहे,3,trigram
आणि इतर अनेक,3,trigram
करण्यात आले आहेत,3,trigram
करण्यात आलं होतं,3,trigram
पराभव झाला व,3,trigram
माहिती समोर आली,3,trigram
केल्या जातात,3,bigram
मध्ये ते,3,bigram
करते आहे,3,bigram
२०१९ रोजी पाहिले,3,trigram
इन्स्टिटयूट ऑफ मॅनेजमेण्ट,3,trigram
मनाचे श्लोक या,3,trigram
तो करार रद्द,3,trigram
उत्तर व दक्षिण,3,trigram
म्हणून ओळखले जातात,3,trigram
समिती स्थापन केली,3,trigram
विजय मिळवता आला,3,trigram
एका चुकीमुळं विभक्त,3,trigram
पतीच्या एका चुकीमुळं,3,trigram
मिळाली पतीच्या एका,3,trigram
१७ व्या,3,bigram
येथे या,3,bigram
इंग्रज मराठा,3,bigram
युक्तिवाद केला,3,bigram
दाखल केले,3,bigram
नाव दाखल,3,bigram
भीमरावाचे नाव,3,bigram
नोव्हेंबर महिन्यात,3,bigram
त्यांचं म्हणणं आहे,3,trigram
सुरुवात केली आणि,3,trigram
02 रोजी मूळ,3,trigram
कार्तिक शुद्ध प्रतिपदा,3,trigram
लक्ष्मीपूजन आश्विन अमावास्या,3,trigram
आश्विन कृष्ण चतुर्दशी,3,trigram
अर्थमंत्री विश्वासराव दाभाडे,3,trigram
कार्यकर्ते विजय कुंभार,3,trigram
सामाजिक कार्यकर्ते विजय,3,trigram
यांनी इ,3,bigram
केली तेव्हा,3,bigram
लक्षात येत,3,bigram
तेराव्या वर्षी,3,bigram
एक शहर,3,bigram
अभिनव भारत मंदिर,3,trigram
अनुक्रमणिका पानांची यादी,3,trigram
सर्व अनुक्रमणिका पानांची,3,trigram
सरस्वती नदी ही,3,trigram
03 14 रोजी,3,trigram
म्हणून ओळखले जाणारे,3,trigram
असल्याचे दिसून येते,3,trigram
मराठा साम्राज्याची स्थापना,3,trigram
करायला सुरुवात केली,3,trigram
च्या नोव्हेंबर,3,bigram
रहिवासी होते,3,bigram
मराठा युद्धात,3,bigram
जब्बार पटेल यांनी,3,trigram
कारागीर पुरस्कार मिळाला,3,trigram
वाद्य कारागीर पुरस्कार,3,trigram
संस्थेतर्फे वाद्य कारागीर,3,trigram
गानसंवर्धन संस्थेतर्फे वाद्य,3,trigram
यांना गानसंवर्धन संस्थेतर्फे,3,trigram
होऊ शकला नाही,3,trigram
सुन्या सुन्या मैफलीत,3,trigram
वेद प्रताप वैदिक,3,trigram
हिंदू कोड बिलाच्या,3,trigram
पं नेहरू हे,3,trigram
प्रमुख नद्या आहेत,3,trigram
राज्य मार्ग परिवहन,3,trigram
महाराष्ट्र राज्य मार्ग,3,trigram
च्या अंकात,3,bigram
करण्याची मागणी,3,bigram
उत्तर भागात,3,bigram
झाला असून,3,bigram
एकनाथी भागवत,3,bigram
राजकीय पक्ष,3,bigram
डिस्कव्हरी ऑफ,3,bigram
मराठी कविता,3,bigram
म्हणजे ती,3,bigram
२६ जानेवारी १९५०,3,trigram
प्रयत्न करत आहेत,3,trigram
24 रोजी मूळ,3,trigram
यांनी संगीतबद्ध केलेल्या,3,trigram
नोव्हेंबर 2012 रोजी,3,trigram
मराठीशी बोलताना सांगितलं,3,trigram
प्रदान करण्यात आली,3,trigram
खालिद का शिवाजी,3,trigram
मुख्य भाषा मराठी,3,trigram
चालू आहे,3,bigram
विचारणा केली,3,bigram
अतिशय लोकप्रिय,3,bigram
असलेला हा,3,bigram
हिंदू कोड बिल,3,trigram
असेल तर ते,3,trigram
यांनी संगीतबद्ध केलेली,3,trigram
पेठ ही पेठ,3,trigram
गिरी यांच्या कार्यालयात,3,trigram
माया गिरी यांच्या,3,trigram
जानेवारी १९५० रोजी,3,trigram
म्हणून त्यांना,3,bigram
व महाराष्ट्रात,3,bigram
संपन्न व,3,bigram
मराठी आहे,3,bigram
भागात असलेल्या,3,bigram
मध्ये महाराष्ट्र,3,bigram
संरक्षण प्रबोधिनी,3,bigram
डॉ मुजम्मिल,3,bigram
करण्यात आला आणि,3,trigram
am Bihar Election,3,trigram
शिवाजी महाराज आणि,3,trigram
प्रगती केली आहे,3,trigram
असा समज आहे,3,trigram
हत्या करण्यात आली,3,trigram
वसंत कानेटकर,3,bigram
तरी पण,3,bigram
हे देखील,3,bigram
रस्ते आणि,3,bigram
भारताच्या स्वातंत्र्यानंतर,3,bigram
काही नियम,3,bigram
भारताच्या विविध,3,bigram
सरदार वल्लभभाई पटेल,3,trigram
मसुदा समितीचे अध्यक्ष,3,trigram
परिणाम झाला आहे,3,trigram
म्हणून ओळखली जाते,3,trigram
महाराष्ट्राची सांस्कृतिक राजधानी,3,trigram
ही महाराष्ट्राची सांस्कृतिक,3,trigram
रिस्क घेत नाही,3,trigram
मी कधीच रिस्क,3,trigram
कारण मी कधीच,3,trigram
नाही कारण मी,3,trigram
पत्ता लागत नाही,3,trigram
म्हणून काम केले,3,trigram
विरोध केला व,3,trigram
स्मिता पाटील यांनी,3,trigram
रमाबाई आंबेडकर यांच्या,3,trigram
एजन्सीजने म्हटलं होतं,3,trigram
जून १९२८ रोजी,3,trigram
समितीचे अध्यक्ष म्हणून,3,trigram
एक्झिट पोल,3,bigram
निर्मिती झाली,3,bigram
विकली जातात,3,bigram
चेंडू टाकावा,3,bigram
धाव दिली,3,bigram
अतिरिक्त धाव,3,bigram
मध्ये औरंगजेब,3,bigram
१७०७ मध्ये,3,bigram
भारतीय राष्ट्रीय काँग्रेसमध्ये,3,trigram
गोपाळ कृष्ण गोखले,3,trigram
आणि भारतीय राष्ट्रीय,3,trigram
हे आंदोलन मागे,3,trigram
आंबेडकर हा सन,3,trigram
करण्यास सुरुवात केली,3,trigram
आहे अशी माहिती,3,trigram
म्हणूनही ओळखले जाते,3,trigram
लिमिटेड शिरोली,3,bigram
प्रमुख शहरे,3,bigram
ही प्रमुख,3,bigram
नदी आहे,3,bigram
कर्णधार हरमनप्रीत,3,bigram
हनुमान व्यायाम प्रसारक,3,trigram
एक किंवा दोन,3,trigram
19 रोजी मूळ,3,trigram
महाराष्ट्र राज्य माध्यमिक,3,trigram
आंबेडकर आंतरराष्ट्रीय विमानतळ,3,trigram
बाबासाहेब आंबेडकर आंतरराष्ट्रीय,3,trigram
ज्यात आंबेडकर यांची,3,trigram
आहे ज्यात आंबेडकर,3,trigram
आधारित एक मराठी,3,trigram
सुरू झालेला,3,bigram
आलेल्या एका,3,bigram
जिल्ह्याचे प्रशासकीय,3,bigram
यांना दोन,3,bigram
करत असतात,3,bigram
नियंत्रण मिळवले,3,bigram
नॅशनल सेंटर फॉर,3,trigram
राष्ट्रीय रासायनिक प्रयोगशाळा,3,trigram
नावानेही ओळखले जाते,3,trigram
या नावानेही ओळखले,3,trigram
हेल्थ क्लबचा तरण,3,trigram
पुरस्कार दिला जातो,3,trigram
साखर कारखाना आहे,3,trigram
छत्रपती शिवाजी महाराजांच्या,3,trigram
12 रोजी मूळ,3,trigram
लोकप्रिय खेळ आहे,3,trigram
का हा प्रश्न,3,trigram
बहाल करण्यात आला,3,trigram
यांनी बीबीसी मराठीशी,3,trigram
कमी होत जाते,3,trigram
स्वातंत्र्य समता बंधुता,3,trigram
या आंतरराष्ट्रीय सर्वेक्षणामध्ये,3,trigram
इंडियन या आंतरराष्ट्रीय,3,trigram
ग्रेटेस्ट इंडियन या,3,trigram
इंडियाच्या द ग्रेटेस्ट,3,trigram
आऊटलुक इंडियाच्या द,3,trigram
झालेल्या आऊटलुक इंडियाच्या,3,trigram
मध्ये झालेल्या आऊटलुक,3,trigram
२०१२ मध्ये झालेल्या,3,trigram
अल फलाह चॅरिटेबल,3,trigram
सुरुवात केली होती,3,trigram
थोरले बाजीराव पेशवे,3,trigram
प्रताधिकार मुक्त,3,bigram
तर पुढे काय,3,trigram
आणि पहिल्या महिला,3,trigram
घानासारख्या देशांचं पासपोर्ट,3,trigram
रवांडा घानासारख्या देशांचं,3,trigram
असणाऱ्या रवांडा घानासारख्या,3,trigram
मराठा साम्राज्याचे पेशवे,3,trigram
बाजीराव पेशवे मराठा,3,trigram
विशेष महत्त्व आहे,3,trigram
या प्रश्नाचं उत्तर,3,trigram
किमी अंतरावर आहे,3,trigram
यांच्याशी चर्चा केली,3,trigram
म्हणून ओळखले जाऊ,3,trigram
पीटीआयने दिलेल्या वृत्तानुसार,3,trigram
विकसित झाले,3,bigram
निवडणूक लढवली,3,bigram
राज्याची निर्मिती,3,bigram
आणखी काही,3,bigram
शक्यता असते,3,bigram
विकसित केला,3,bigram
सध्या सुरू आहे,3,trigram
13 रोजी मूळ,3,trigram
संस्कृती कोश खंड,3,trigram
भारतीय संस्कृती कोश,3,trigram
१ २ ३,3,trigram
भाग १ २,3,trigram
नोव्हेंबर १९३१ रोजी,3,trigram
च्या बिहार विधानसभा,3,trigram
गाणी रेकॉर्ड केली,3,trigram
नाव दिले आहे,3,trigram
भारतापेक्षा चांगलं का,3,trigram
आहे ज्यामध्ये,3,bigram
