word,polarity
गर्व,positive
उदार,positive
कृतार्थ,positive
उन्नती,positive
रम्य,positive
फायदा,positive
लाभ,positive
सन्मानित,positive
सुखद,positive
आशावादी,positive
चांगले,positive
समाधानी,positive
मानाचा,positive
मायाळू,positive
भव्यदिव्य,positive
उत्साहपूर्ण,positive
सुंदरपणे,positive
शुभेच्छा,positive
विश्वासू,positive
चांगली,positive
लाभदायक,positive
विकास,positive
मनोहर,positive
यशाचा,positive
प्रसन्न,positive
आनंदोत्सव,positive
गौरव,positive
उत्साहाने,positive
भव्य,positive
सुखकर,positive
सुरक्षित,positive
आशावाद,positive
आनंदी,positive
यशाचे,positive
हसतमुख,positive
यशस्वी,positive
उपयुक्त,positive
सुदृढ,positive
सुखी,positive
सुवर्ण,positive
प्रगतिशील,positive
उत्साह,positive
अभिनंदन,positive
प्रसन्नचित्त,positive
सुख,positive
गौरवशाली,positive
आनंद,positive
विकासशील,positive
सकारात्मक,positive
विश्वासार्ह,positive
आनंदमय,positive
उल्लेखनीय,positive
कृतार्थता,positive
अभिमान,positive
सुंदर,positive
सफलता,positive
शोभिवंत,positive
आनंददायक,positive
आदर,positive
प्रशंसनीय,positive
आदरयुक्त,positive
यश,positive
उभारणी,positive
प्रगत,positive
आकर्षक,positive
अतिशय चांगला,positive
फायद्याचा,positive
अभिमानास्पद,positive
सकारात्मकता,positive
सन्मान,positive
आनंदित,positive
खुश,positive
भक्कमपणे,positive
उत्तम,positive
प्रेरणादायी,positive
उभारलेला,positive
चांगला,positive
आशादायक,positive
हर्षोल्हास,positive
शुभ,positive
कौतुकास्पद,positive
हर्षित,positive
सफल,positive
हर्ष,positive
खुशी,positive
सुव्यवस्थित,positive
फायदेशीर,positive
हसरा,positive
सुयोग्य,positive
उत्कृष्टपणे,positive
समाधान,positive
यशस्वीपणे,positive
भक्कम,positive
उत्साही,positive
स्नेहपूर्ण,positive
सुसंस्कृत,positive
सुयश,positive
गौरवपूर्ण,positive
सुस्थितीत,positive
उत्कृष्ट,positive
प्रगती,positive
दुर्दैवी,negative
आतंक,negative
गुन्हा,negative
अराजक,negative
समस्या,negative
रागावली,negative
असंतुष्ट,negative
वाईट,negative
अडथळा,negative
भीषण,negative
द्वेष,negative
चिडलेला,negative
दुःख,negative
भेदभाव,negative
घट,negative
हताश,negative
पडझड,negative
निकामी,negative
निराश,negative
उध्वस्त,negative
दहशत,negative
आतंकवाद,negative
दुःखद,negative
दु:ख,negative
अपयशीपणे,negative
नाराजी,negative
अस्वस्थ,negative
धोकादायक,negative
नालायक,negative
नाखूष,negative
अयश,negative
रागावला,negative
अस्थिरता,negative
तक्रारी,negative
असंतोष,negative
तोटा,negative
राग,negative
भ्रष्ट,negative
गंभीर समस्या,negative
खिन्न,negative
निरुपयोगी,negative
अराजकता,negative
अव्यवस्था,negative
कमतरता,negative
गोंधळ,negative
भयंकर,negative
नुकसानी,negative
अन्याय,negative
हिंसक,negative
निकृष्ट दर्जाचा,negative
हताशपणा,negative
त्रस्त,negative
अपघात,negative
घृणा,negative
हानी,negative
तिरस्कार,negative
संताप,negative
अयोग्य,negative
धक्का,negative
चिडचिड,negative
शोकांतिका,negative
तोट्याचा,negative
कुचकामी,negative
भेदभावपूर्ण,negative
नापसंती,negative
लाचखोरी,negative
घरफोडी,negative
अस्थिर,negative
तक्रार,negative
घोटाळे,negative
प्रश्नचिन्ह,negative
हिंसा,negative
तुच्छ,negative
लूट,negative
अन्यायकारक,negative
नुकसान,negative
खून,negative
वाइट वाटणे,negative
हत्या,negative
किळस,negative
अपराध,negative
हत्याकांड,negative
प्रश्न निर्माण,negative
त्रासदायक,negative
धक्कादायक,negative
अभाव,negative
घातक,negative
निकृष्ट,negative
अपयश,negative
भेसूर,negative
अयशस्वी,negative
हानीकारक,negative
तुटवडा,negative
चीड,negative
अन्याय्य,negative
विनाश,negative
घोटाळा,negative
खेद,negative
अपयशी,negative
अडचणी,negative
दहशतवादी,negative
खिन्नता,negative
खूप वाईट,negative
खराब,negative
भ्रष्टाचार,negative
त्रास,negative
भयानक,negative
दुखी,negative
विनाशकारी,negative
घटलेला,negative
दुःखी,negative
बेकार,negative
निराशा,negative
अडचण,negative
जाणे,negative
गमावले,negative
निधन,negative
मृत्यू,negative
मरण,negative
गेले,negative
शोकग्रस्त,negative
हृदयविदारक,negative
विरहाचे,negative
पश्चात्ताप,negative
ग्लानी,negative
लाज,negative
लज्जास्पद,negative
बदनामी,negative
अपमान,negative
शर्मिंदा,negative
मत्सर,negative
हेवा,negative
ईर्ष्या,negative
कंटाळा,negative
कंटाळवाणा,negative
नीरस,negative
गोंधळ,negative
अस्पष्ट,negative
संभ्रम,negative
अनिश्चित,negative
नाउमेद,negative
व्यर्थ,negative
असहाय,negative
नाकाम,negative
निष्फळ,negative
नकारात्मक,negative
निराशावाद,negative
कृतज्ञ,positive
कृतज्ञता,positive
आभार,positive
धन्यवाद,positive
सुटका,positive
दिलासा,positive
मुक्त,positive
मुक्ती,positive
स्वस्थ,positive
अद्भुत,positive
चमत्कारिक,positive
अलौकिक,positive
भव्यपणा,positive
प्रभावशाली,positive
भरवसा,positive
संधी,positive
शक्यता,positive
संतुष्ट,positive
संतोष,positive
तृप्त,positive
रोमांच,positive
जोश,positive
उत्तेजना,positive
निर्मळ,positive
संयम,positive
धैर्य,positive
उज्ज्वल,positive
संभव,positive
तळमळ,neutral
उत्कंठा,neutral
आकांक्षा,neutral
जुन्या,neutral
आठवणी,neutral
भूतकाळ,neutral
दोष,neutral
चूक,neutral
शंका,neutral
संशय,neutral
आळस,neutral
निष्क्रिय,neutral
छान,positive
बरे,positive
मजा,positive
आवडला,positive
आवडली,positive
आवडले,positive
मस्त,positive
जबरदस्त,positive
धन्य,positive
भाग्यवान,positive
कौतुक,positive
प्रशंसा,positive
स्वागत,positive
शुभेच्छा,positive
माफ,positive
क्षमा,positive
दया,positive
करुणा,positive
प्रेमळ,positive
खोटे,negative
फसवणूक,negative
धोखा,negative
विश्वासघात,negative
बेईमान,negative
निंदा,negative
तिरस्कार,negative
द्वेषपूर्ण,negative
वाईटपणा,negative
क्रूर,negative
हिंसक,negative
भयंकर,negative
भयानक,negative
घाबरवणारे,negative
धोकादायक,negative
असुरक्षित,negative
चिंता,negative
काळजी,negative
तणाव,negative
थकवा,negative
दमून,negative
